ID,GZBBGA,strike,dip_dir,dip_angle,dot_strike_tick,angle_deg,label_along_strike_m,label_perp_strike_m
356,202001,125.0,215,46,1.1102230246251565e-16,90.0,270.0,0.0
372,202001,70.0,340,70,2.220446049250313e-16,89.99999999999999,270.0,9.947598300641403e-14
380,202001,1.0,271,65,-3.8163916471489756e-16,89.99999999999999,270.0,-1.1191048088221578e-13
387,202005,43.0,313,69,1.6653345369377348e-16,90.0,270.0,5.684341886080802e-14
387,202005,53.0,323,44,1.1102230246251565e-16,90.0,270.0,0.0
398,202001,84.0,354,23,4.163336342344337e-17,90.0,269.99999999999994,3.552713678800501e-15
402,202001,82.0,172,58,-1.3877787807814457e-16,90.0,270.0,-4.263256414560601e-14
408,202001,65.0,155,43,5.551115123125783e-17,90.0,270.0,0.0
412,202001,121.0,211,30,1.1102230246251565e-16,90.0,270.0,0.0
414,202001,125.0,215,64,1.1102230246251565e-16,90.0,270.0,4.263256414560601e-14
416,202001,70.0,340,70,2.220446049250313e-16,89.99999999999999,270.0,9.947598300641403e-14
419,202001,28.0,298,25,-3.885780586188048e-16,89.99999999999999,270.00000000000006,-9.947598300641403e-14
427,202001,28.0,298,67,-3.885780586188048e-16,89.99999999999999,270.0,-1.1368683772161603e-13
428,202001,35.0,305,59,0.0,90.0,270.0,0.0
429,202001,10.0,280,40,-3.608224830031759e-16,89.99999999999999,269.99999999999994,-1.1368683772161603e-13
434,202001,42.0,132,30,0.0,90.0,270.0,0.0
435,202001,31.0,121,58,-1.1102230246251565e-16,90.0,270.0,-2.842170943040401e-14
438,202001,60.0,330,46,-3.885780586188048e-16,89.99999999999999,269.99999999999994,-1.1368683772161603e-13
415,202001,46.0,316,56,-3.885780586188048e-16,89.99999999999999,270.0,-8.526512829121202e-14
481,202001,116.0,206,50,5.551115123125783e-17,90.0,270.0,2.842170943040401e-14
505,202001,46.0,316,58,-3.885780586188048e-16,89.99999999999999,269.99999999999994,-1.4210854715202004e-13
515,202001,52.0,322,48,1.1102230246251565e-16,90.0,270.0,2.842170943040401e-14
519,202005,27.0,297,36,-1.1102230246251565e-16,90.0,270.0,-1.4210854715202004e-14
556,202001,48.0,318,38,1.1102230246251565e-16,90.0,270.0,2.842170943040401e-14
560,202005,33.0,303,43,-4.996003610813204e-16,89.99999999999997,270.0,-1.2789769243681803e-13
561,202001,23.0,113,29,-5.551115123125783e-17,90.0,270.00000000000006,0.0
566,202005,42.0,312,70,-5.551115123125783e-16,89.99999999999997,270.0,-1.7053025658242404e-13
572,202001,56.0,326,58,2.7755575615628914e-16,89.99999999999999,270.0,4.263256414560601e-14
581,202001,34.0,304,70,1.1102230246251565e-16,90.0,269.99999999999994,1.4210854715202004e-14
582,202001,31.0,301,70,0.0,90.0,270.0,0.0
584,202001,36.0,306,57,-2.220446049250313e-16,89.99999999999999,270.0,-8.526512829121202e-14
590,202001,52.0,322,56,1.1102230246251565e-16,90.0,270.0,2.842170943040401e-14
591,202001,50.0,140,40,1.6653345369377348e-16,90.0,270.0,2.842170943040401e-14
602,202001,32.0,122,59,1.6653345369377348e-16,90.0,270.0,2.842170943040401e-14
607,202001,30.0,300,60,2.220446049250313e-16,89.99999999999999,270.0,5.684341886080802e-14
609,202001,26.0,296,54,0.0,90.0,270.0,0.0
620,202001,62.0,152,68,-1.6653345369377348e-16,90.0,270.0,-7.105427357601002e-14
641,202001,42.0,312,53,-5.551115123125783e-16,89.99999999999997,270.0,-1.7053025658242404e-13
642,202001,99.0,9,72,5.551115123125783e-17,90.0,270.00000000000006,4.263256414560601e-14
653,202001,125.0,35,72,-1.6653345369377348e-16,90.0,270.0,-5.684341886080802e-14
659,202001,69.0,339,70,-4.440892098500626e-16,89.99999999999997,270.0,-1.1368683772161603e-13
674,202001,35.0,305,32,0.0,90.0,270.0,-2.842170943040401e-14
688,202001,22.0,292,21,-5.551115123125783e-17,90.0,270.0,-2.842170943040401e-14
689,202001,77.0,167,60,2.7755575615628914e-16,89.99999999999999,270.0,8.526512829121202e-14
693,202001,94.0,4,30,-2.7755575615628914e-17,90.0,269.99999999999994,-2.842170943040401e-14
706,202001,58.0,328,37,-5.551115123125783e-17,90.0,270.0,-4.263256414560601e-14
707,202001,85.0,355,66,-1.8041124150158794e-16,89.99999999999999,270.0,-3.907985046680551e-14
716,202001,69.0,339,78,-4.440892098500626e-16,89.99999999999997,270.0,-1.1368683772161603e-13
718,202001,68.0,338,61,-4.440892098500626e-16,89.99999999999997,270.0,-1.1368683772161603e-13
723,202001,108.0,198,40,5.551115123125783e-17,90.0,270.0,1.4210854715202004e-14
726,202001,117.0,27,60,5.551115123125783e-17,90.0,270.0,0.0
728,202001,82.0,172,40,-1.3877787807814457e-16,90.0,270.0,-4.263256414560601e-14
740,202001,120.0,210,55,-3.3306690738754696e-16,89.99999999999999,270.0,-8.526512829121202e-14
747,202001,77.0,347,84,-4.163336342344337e-16,89.99999999999997,270.0,-1.4921397450962104e-13
752,202001,76.0,166,60,5.551115123125783e-17,90.0,270.0,3.552713678800501e-14
756,202001,48.0,318,66,1.1102230246251565e-16,90.0,270.0,2.842170943040401e-14
774,202001,88.0,178,48,6.245004513516506e-17,90.0,270.0,1.9539925233402755e-14
782,202001,98.0,188,57,-1.6653345369377348e-16,90.0,270.0,-6.394884621840902e-14
787,202001,1.0,271,25,-3.8163916471489756e-16,89.99999999999999,270.0,-1.1191048088221578e-13
412,202001,78.0,348,68,-3.885780586188048e-16,89.99999999999999,269.99999999999994,-1.0658141036401503e-13
302,202001,168.0,78,57,-1.3877787807814457e-16,90.0,270.00000000000006,-6.394884621840902e-14
307,202001,122.0,32,65,1.6653345369377348e-16,90.0,270.0,7.105427357601002e-14
310,202001,112.0,22,65,-5.551115123125783e-17,90.0,270.0,-1.4210854715202004e-14
312,202001,82.0,352,30,-4.163336342344337e-16,89.99999999999997,270.0,-1.0658141036401503e-13
319,202001,94.0,184,40,5.551115123125783e-17,90.0,270.0,3.197442310920451e-14
322,202001,82.0,172,35,-1.3877787807814457e-16,90.0,270.0,-4.263256414560601e-14
324,202001,106.0,196,78,5.551115123125783e-17,90.0,269.99999999999994,0.0
325,202001,117.0,27,53,5.551115123125783e-17,90.0,270.0,0.0
330,202001,90.0,0,14,6.123233995736766e-17,90.0,270.0,0.0
337,202005,66.0,156,64,2.220446049250313e-16,89.99999999999999,269.99999999999994,5.684341886080802e-14
338,202005,112.0,202,64,5.551115123125783e-17,90.0,270.0,0.0
339,202005,85.0,175,59,5.551115123125783e-17,90.0,270.0,3.552713678800501e-15
363,202001,98.0,188,70,-1.6653345369377348e-16,90.0,270.0,-6.394884621840902e-14
364,202001,80.0,350,41,2.7755575615628914e-17,90.0,269.99999999999994,2.1316282072803006e-14
367,202001,135.0,225,33,1.1102230246251565e-16,90.0,270.0,0.0
372,202001,126.0,216,30,5.551115123125783e-17,90.0,270.0,2.842170943040401e-14
379,202001,99.0,189,42,8.326672684688674e-17,90.0,270.00000000000006,-7.105427357601002e-15
388,202001,149.0,59,20,2.7755575615628914e-16,89.99999999999999,270.0,7.105427357601002e-14
392,202001,136.0,46,64,-1.6653345369377348e-16,90.0,270.0,-2.842170943040401e-14
395,202001,118.0,208,46,5.551115123125783e-17,90.0,270.0,2.842170943040401e-14
436,202005,19.0,109,69,5.551115123125783e-17,90.0,270.0,-1.4210854715202004e-14
438,202005,21.0,111,65,0.0,90.0,270.0,-1.4210854715202004e-14
403,202005,9.0,279,65,-1.942890293094024e-16,89.99999999999999,270.0,-4.973799150320701e-14
396,202001,95.0,5,66,-6.938893903907228e-17,90.0,270.0,-3.552713678800501e-15
475,202005,121.0,211,60,1.1102230246251565e-16,90.0,270.0,2.842170943040401e-14
477,202005,42.0,312,32,-5.551115123125783e-16,89.99999999999997,270.0,-1.1368683772161603e-13
479,202005,58.0,148,35,0.0,90.0,270.0,1.4210854715202004e-14
482,202005,153.0,63,34,5.551115123125783e-17,90.0,269.99999999999994,-1.4210854715202004e-14
484,202005,77.0,167,60,2.7755575615628914e-16,89.99999999999999,270.0,8.526512829121202e-14
486,202005,57.0,147,66,2.7755575615628914e-16,89.99999999999999,270.0,7.105427357601002e-14
488,202005,137.0,227,40,0.0,90.0,270.0,0.0
498,202001,73.0,163,71,-1.6653345369377348e-16,90.0,269.99999999999994,-5.684341886080802e-14
521,202001,102.0,192,66,-1.6653345369377348e-16,90.0,270.00000000000006,-7.815970093361102e-14
522,202001,107.0,197,52,-1.1102230246251565e-16,90.0,270.0,-2.842170943040401e-14
528,202001,99.0,189,56,8.326672684688674e-17,90.0,270.00000000000006,-7.105427357601002e-15
530,202001,141.0,51,37,-5.551115123125783e-17,90.0,270.0,-2.842170943040401e-14
531,202001,120.0,210,50,-3.3306690738754696e-16,89.99999999999999,269.99999999999994,-1.1368683772161603e-13
532,202001,136.0,226,58,5.551115123125783e-17,90.0,270.0,2.842170943040401e-14
545,202001,55.0,145,48,-2.7755575615628914e-16,89.99999999999999,270.0,-8.526512829121202e-14
552,202001,112.0,22,42,-5.551115123125783e-17,90.0,270.0,-1.4210854715202004e-14
564,202001,103.0,13,40,-2.7755575615628914e-17,90.0,270.0,0.0
566,202001,141.0,231,25,5.551115123125783e-16,89.99999999999997,270.0,1.4210854715202004e-13
568,202001,162.0,72,43,5.551115123125783e-17,90.0,270.0,2.842170943040401e-14
570,202001,156.0,66,20,2.220446049250313e-16,89.99999999999999,269.99999999999994,7.105427357601002e-14
572,202001,134.0,44,64,-1.1102230246251565e-16,90.0,270.0,-5.684341886080802e-14
574,202005,38.0,128,65,5.551115123125783e-17,90.0,269.99999999999994,2.842170943040401e-14
575,202005,22.0,292,73,-5.551115123125783e-17,90.0,270.0,-1.4210854715202004e-14
578,202005,34.0,124,71,2.220446049250313e-16,89.99999999999999,270.0,5.684341886080802e-14
599,202001,109.0,19,65,5.551115123125783e-17,90.0,270.0,2.842170943040401e-14
600,202001,103.0,13,25,-2.7755575615628914e-17,90.0,270.0,0.0
603,202001,120.0,30,45,1.1102230246251565e-16,90.0,270.0,2.842170943040401e-14
604,202001,128.0,38,35,5.551115123125783e-17,90.0,270.0,0.0
606,202001,125.0,215,46,1.1102230246251565e-16,90.0,270.0,0.0
608,202001,106.0,16,50,1.1102230246251565e-16,90.0,269.99999999999994,4.263256414560601e-14
610,202001,128.0,218,30,1.1102230246251565e-16,90.0,270.0,5.684341886080802e-14
615,202001,139.0,229,40,0.0,90.0,270.0,0.0
617,202001,95.0,185,18,2.914335439641036e-16,89.99999999999999,270.0,6.394884621840902e-14
619,202001,51.0,321,20,-4.440892098500626e-16,89.99999999999997,270.0,-1.4210854715202004e-13
622,202001,86.0,356,40,-4.0245584642661925e-16,89.99999999999997,270.00000000000006,-1.2434497875801753e-13
624,202001,89.0,359,30,3.8163916471489756e-17,90.0,270.0,-3.552713678800501e-15
625,202001,130.0,40,50,-1.1102230246251565e-16,90.0,270.0,-2.842170943040401e-14
631,202001,118.0,208,49,5.551115123125783e-17,90.0,270.0,2.842170943040401e-14
632,202005,88.0,178,54,6.245004513516506e-17,90.0,270.0,1.9539925233402755e-14
639,202005,167.0,77,68,2.7755575615628914e-16,89.99999999999999,269.99999999999994,9.237055564881302e-14
653,202005,155.0,245,67,-3.3306690738754696e-16,89.99999999999999,270.00000000000006,-7.105427357601002e-14
663,202005,133.0,223,53,0.0,90.0,270.0,0.0
670,202005,133.0,223,57,0.0,90.0,270.0,0.0
681,202005,112.0,22,80,-5.551115123125783e-17,90.0,270.00000000000006,1.4210854715202004e-14
687,202001,111.0,21,35,0.0,90.0,269.99999999999994,1.4210854715202004e-14
720,202001,94.0,4,31,-2.7755575615628914e-17,90.0,269.99999999999994,-2.842170943040401e-14
723,202001,105.0,195,22,5.551115123125783e-17,90.0,270.0,4.263256414560601e-14
84,202005,74.0,164,80,5.551115123125783e-17,90.0,270.0,0.0
88,202005,94.0,184,62,5.551115123125783e-17,90.0,270.0,3.197442310920451e-14
92,202001,94.0,184,63,5.551115123125783e-17,90.0,270.0,3.197442310920451e-14
94,202005,129.0,39,60,1.6653345369377348e-16,90.0,269.99999999999994,2.842170943040401e-14
99,202005,74.0,344,50,2.220446049250313e-16,89.99999999999999,270.0,7.105427357601002e-14
103,202005,101.0,11,48,0.0,90.0,270.0,-7.105427357601002e-15
131,202005,68.0,338,56,-4.440892098500626e-16,89.99999999999997,269.99999999999994,-8.526512829121202e-14
134,202005,113.0,203,63,2.220446049250313e-16,89.99999999999999,269.99999999999994,2.842170943040401e-14
152,202005,87.0,357,58,-4.0245584642661925e-16,89.99999999999997,269.99999999999994,-1.1013412404281553e-13
198,202001,82.0,172,46,-1.3877787807814457e-16,90.0,270.0,-4.263256414560601e-14
250,202001,81.0,351,23,-2.220446049250313e-16,89.99999999999999,270.0,-4.973799150320701e-14
256,202001,142.0,232,41,-4.440892098500626e-16,89.99999999999997,270.0,-8.526512829121202e-14
259,202001,112.0,202,76,5.551115123125783e-17,90.0,270.0,1.4210854715202004e-14
258,202001,112.0,202,43,5.551115123125783e-17,90.0,270.00000000000006,-1.4210854715202004e-14
260,202001,131.0,221,41,5.551115123125783e-17,90.0,270.0,2.842170943040401e-14
264,202001,96.0,186,54,5.551115123125783e-17,90.0,269.99999999999994,3.907985046680551e-14
266,202001,51.0,141,27,-5.551115123125783e-17,90.0,270.0,0.0
268,202001,106.0,196,48,5.551115123125783e-17,90.0,269.99999999999994,0.0
275,202001,117.0,207,60,0.0,90.0,270.0,0.0
276,202001,113.0,23,60,-5.551115123125783e-17,90.0,269.99999999999994,-1.4210854715202004e-14
282,202001,113.0,23,40,-5.551115123125783e-17,90.0,269.99999999999994,-1.4210854715202004e-14
283,202001,112.0,202,40,5.551115123125783e-17,90.0,270.0,0.0
288,202001,166.0,76,15,5.551115123125783e-17,90.0,270.00000000000006,3.552713678800501e-14
290,202001,125.0,215,25,1.1102230246251565e-16,90.0,270.0,2.842170943040401e-14
298,202001,53.0,323,40,1.1102230246251565e-16,90.0,270.0,0.0
300,202001,104.0,194,48,2.7755575615628914e-16,89.99999999999999,270.00000000000006,7.815970093361102e-14
304,202001,12.0,102,18,0.0,90.0,270.00000000000006,-2.842170943040401e-14
307,202001,31.0,121,27,-1.1102230246251565e-16,90.0,270.0,-2.842170943040401e-14
313,202001,156.0,246,9,-3.885780586188048e-16,89.99999999999999,270.0,-1.1368683772161603e-13
316,202001,156.0,246,15,-3.885780586188048e-16,89.99999999999999,270.0,-1.1368683772161603e-13
325,202001,77.0,167,40,2.7755575615628914e-16,89.99999999999999,270.0,8.526512829121202e-14
326,202001,130.0,40,47,-1.1102230246251565e-16,90.0,270.0,-2.842170943040401e-14
330,202001,120.0,210,32,-3.3306690738754696e-16,89.99999999999999,269.99999999999994,-1.1368683772161603e-13
337,202001,114.0,204,40,5.551115123125783e-17,90.0,270.0,-1.4210854715202004e-14
338,202001,116.0,206,76,5.551115123125783e-17,90.0,270.0,2.842170943040401e-14
339,202001,111.0,21,48,0.0,90.0,270.0,1.4210854715202004e-14
342,202001,84.0,354,67,4.163336342344337e-17,90.0,269.99999999999994,3.552713678800501e-15
343,202001,75.0,165,60,3.3306690738754696e-16,89.99999999999999,270.0,8.526512829121202e-14
346,202001,92.0,182,68,5.551115123125783e-17,90.0,269.99999999999994,-1.0658141036401503e-14
363,202001,131.0,221,57,5.551115123125783e-17,90.0,270.0,2.842170943040401e-14
369,202001,111.0,201,70,-1.1102230246251565e-16,90.0,270.0,-5.684341886080802e-14
373,202001,109.0,19,40,5.551115123125783e-17,90.0,270.0,1.4210854715202004e-14
375,202001,103.0,193,40,5.551115123125783e-17,90.0,270.0,7.105427357601002e-15
376,202001,98.0,8,55,8.326672684688674e-17,90.0,270.0,4.263256414560601e-14
377,202001,18.0,108,30,1.1102230246251565e-16,90.0,269.99999999999994,1.4210854715202004e-14
378,202001,110.0,20,80,0.0,90.0,270.0,0.0
389,202001,124.0,34,43,2.220446049250313e-16,89.99999999999999,270.0,5.684341886080802e-14
391,202001,83.0,173,10,5.551115123125783e-17,90.0,269.99999999999994,0.0
396,202001,72.0,342,28,-1.6653345369377348e-16,90.0,269.99999999999994,-7.105427357601002e-14
402,202001,89.0,179,59,-1.5959455978986625e-16,90.0,270.0,-2.930988785010413e-14
406,202004,109.0,19,31,5.551115123125783e-17,90.0,270.00000000000006,2.842170943040401e-14
412,202001,131.0,221,56,5.551115123125783e-17,90.0,270.0,2.842170943040401e-14
333,202001,145.0,235,42,5.551115123125783e-16,89.99999999999997,270.0,1.2789769243681803e-13
296,202001,31.0,301,9,0.0,90.0,270.0,0.0
307,202001,108.0,18,49,1.1102230246251565e-16,90.0,270.0,2.842170943040401e-14
124,202001,89.0,179,45,-1.5959455978986625e-16,90.0,270.0,-2.930988785010413e-14
127,202001,83.0,173,76,5.551115123125783e-17,90.0,269.99999999999994,0.0
134,202001,91.0,1,82,3.469446951953614e-17,90.0,270.0,-8.881784197001252e-15
136,202001,66.0,336,73,1.1102230246251565e-16,90.0,270.0,1.4210854715202004e-14
141,202001,89.0,359,36,3.8163916471489756e-17,90.0,270.0,-3.552713678800501e-15
209,202001,13.0,283,48,-8.326672684688674e-17,90.0,270.0,-2.1316282072803006e-14
212,202001,79.0,169,72,5.551115123125783e-17,90.0,270.00000000000006,7.105427357601002e-15
210,202001,72.0,342,50,-1.6653345369377348e-16,90.0,269.99999999999994,-7.105427357601002e-14
249,202001,91.0,181,45,-1.5959455978986625e-16,90.0,270.0,-2.4868995751603507e-14
248,202001,90.0,180,41,6.123233995736766e-17,90.0,270.0,3.3065463576978534e-14
248,202001,20.0,290,44,2.7755575615628914e-16,89.99999999999999,270.0,8.526512829121202e-14
250,202001,99.0,189,20,8.326672684688674e-17,90.0,270.00000000000006,-7.105427357601002e-15
256,202001,103.0,13,14,-2.7755575615628914e-17,90.0,270.0,0.0
260,202001,50.0,320,71,-3.3306690738754696e-16,89.99999999999999,270.0,-5.684341886080802e-14
260,202001,108.0,18,32,1.1102230246251565e-16,90.0,270.0,2.842170943040401e-14
264,202001,69.0,159,82,-1.6653345369377348e-16,90.0,270.00000000000006,-4.263256414560601e-14
277,202001,135.0,225,23,1.1102230246251565e-16,90.0,270.0,0.0
285,202001,135.0,225,20,1.1102230246251565e-16,90.0,270.0,0.0
278,202001,101.0,191,45,8.326672684688674e-17,90.0,270.0,2.842170943040401e-14
280,202001,86.0,176,58,2.914335439641036e-16,89.99999999999999,269.99999999999994,8.526512829121202e-14
291,202001,77.0,347,50,-4.163336342344337e-16,89.99999999999997,270.0,-1.4921397450962104e-13
297,202001,66.0,336,13,1.1102230246251565e-16,90.0,269.99999999999994,4.263256414560601e-14
292,202001,49.0,139,63,0.0,90.0,270.0,0.0
295,202001,18.0,288,40,-2.220446049250313e-16,89.99999999999999,269.99999999999994,-4.263256414560601e-14
308,202001,55.0,325,62,-4.440892098500626e-16,89.99999999999997,270.0,-1.1368683772161603e-13
311,202001,68.0,158,61,3.3306690738754696e-16,89.99999999999999,269.99999999999994,5.684341886080802e-14
321,202001,80.0,350,81,2.7755575615628914e-17,90.0,269.99999999999994,2.1316282072803006e-14
319,202004,66.0,336,75,1.1102230246251565e-16,90.0,270.0,2.842170943040401e-14
323,202001,68.0,158,48,3.3306690738754696e-16,89.99999999999999,269.99999999999994,5.684341886080802e-14
327,202001,20.0,110,27,0.0,90.0,270.0,0.0
336,202001,111.0,201,30,-1.1102230246251565e-16,90.0,270.0,-5.684341886080802e-14
345,202001,66.0,336,67,1.1102230246251565e-16,90.0,269.99999999999994,4.263256414560601e-14
346,202001,90.0,0,30,6.123233995736766e-17,90.0,270.0,0.0
349,202001,90.0,0,49,6.123233995736766e-17,90.0,270.0,0.0
351,202001,40.0,130,65,-1.1102230246251565e-16,90.0,270.0,0.0
355,202001,63.0,333,82,-1.6653345369377348e-16,90.0,269.99999999999994,-4.263256414560601e-14
357,202001,80.0,170,58,-1.1102230246251565e-16,90.0,269.99999999999994,-4.973799150320701e-14
360,202001,87.0,357,51,-4.0245584642661925e-16,89.99999999999997,269.99999999999994,-1.1013412404281553e-13
363,202001,90.0,180,48,6.123233995736766e-17,90.0,270.0,3.3065463576978534e-14
365,202001,127.0,37,38,-1.6653345369377348e-16,90.0,270.0,-5.684341886080802e-14
370,202001,72.0,342,87,-1.6653345369377348e-16,90.0,270.0,-1.4210854715202004e-14
373,202001,87.0,177,60,-1.5959455978986625e-16,90.0,269.99999999999994,-4.263256414560601e-14
376,202001,20.0,110,37,0.0,90.0,270.0,0.0
379,202001,113.0,203,55,2.220446049250313e-16,89.99999999999999,269.99999999999994,2.842170943040401e-14
387,202001,98.0,8,73,8.326672684688674e-17,90.0,270.0,4.263256414560601e-14
386,202001,78.0,348,70,-3.885780586188048e-16,89.99999999999999,269.9999999999999,-9.237055564881302e-14
390,202001,70.0,160,45,5.551115123125783e-17,90.0,270.0,0.0
378,202001,74.0,344,46,2.220446049250313e-16,89.99999999999999,270.0,7.105427357601002e-14
377,202001,80.0,170,70,-1.1102230246251565e-16,90.0,269.99999999999994,-4.973799150320701e-14
375,202001,104.0,14,18,-5.551115123125783e-17,90.0,270.00000000000006,-2.1316282072803006e-14
85,202005,137.0,47,62,5.551115123125783e-17,90.0,270.0,0.0
86,202005,93.0,183,44,2.7755575615628914e-16,89.99999999999999,269.99999999999994,5.1514348342607263e-14
93,202005,116.0,26,53,-1.1102230246251565e-16,90.0,270.0,-5.684341886080802e-14
95,202005,111.0,21,42,0.0,90.0,270.0,2.842170943040401e-14
97,202005,111.0,201,55,-1.1102230246251565e-16,90.0,270.0,-7.105427357601002e-14
98,202005,116.0,26,54,-1.1102230246251565e-16,90.0,270.0,-5.684341886080802e-14
99,202005,116.0,26,50,-1.1102230246251565e-16,90.0,270.0,-5.684341886080802e-14
100,202005,116.0,26,52,-1.1102230246251565e-16,90.0,270.0,-5.684341886080802e-14
102,202005,84.0,174,71,2.7755575615628914e-16,89.99999999999999,269.99999999999994,8.171241461241152e-14
137,202001,140.0,230,32,0.0,90.0,270.0,0.0
145,202005,103.0,193,72,5.551115123125783e-17,90.0,270.0,7.105427357601002e-15
151,202005,112.0,22,80,-5.551115123125783e-17,90.0,270.0,-1.4210854715202004e-14
153,202005,97.0,187,40,5.551115123125783e-17,90.0,270.0,7.105427357601002e-15
172,202005,116.0,26,55,-1.1102230246251565e-16,90.0,270.0,-5.684341886080802e-14
152,202005,103.0,193,40,5.551115123125783e-17,90.0,270.0,7.105427357601002e-15
169,202005,115.0,205,48,5.551115123125783e-17,90.0,270.0,0.0
172,202005,126.0,36,28,1.1102230246251565e-16,90.0,270.0,2.842170943040401e-14
192,202001,70.0,340,32,2.220446049250313e-16,89.99999999999999,270.0,9.947598300641403e-14
110,202005,91.0,181,50,-1.5959455978986625e-16,90.0,270.0,-2.4868995751603507e-14
117,202005,88.0,358,52,2.5673907444456745e-16,89.99999999999999,270.0,6.750155989720952e-14
124,202005,134.0,44,60,-1.1102230246251565e-16,90.0,270.0,-5.684341886080802e-14
125,202005,116.0,206,54,5.551115123125783e-17,90.0,270.0,2.842170943040401e-14
117,202001,117.0,27,31,5.551115123125783e-17,90.0,269.99999999999994,-1.4210854715202004e-14
123,202001,118.0,28,32,-1.1102230246251565e-16,90.0,270.0,-4.263256414560601e-14
124,202001,108.0,18,43,1.1102230246251565e-16,90.0,270.0,2.842170943040401e-14
129,202001,118.0,208,12,5.551115123125783e-17,90.0,270.0,2.842170943040401e-14
141,202001,137.0,227,41,0.0,90.0,270.0,0.0
142,202001,137.0,227,43,0.0,90.0,270.0,0.0
151,202001,108.0,18,65,1.1102230246251565e-16,90.0,270.0,2.842170943040401e-14
154,202001,118.0,28,65,-1.1102230246251565e-16,90.0,269.99999999999994,-7.105427357601002e-14
140,202001,137.0,47,47,5.551115123125783e-17,90.0,270.0,0.0
143,202001,135.0,45,48,0.0,90.0,270.0,0.0
144,202001,135.0,45,53,0.0,90.0,270.0,0.0
145,202001,135.0,45,43,0.0,90.0,270.0,0.0
146,202001,136.0,46,39,-1.6653345369377348e-16,90.0,270.0,-2.842170943040401e-14
145,202005,132.0,42,53,0.0,90.0,270.0,-2.842170943040401e-14
146,202005,148.0,58,63,0.0,90.0,270.0,-1.4210854715202004e-14
225,202001,88.0,358,31,2.5673907444456745e-16,89.99999999999999,270.0,6.750155989720952e-14
229,202001,55.0,325,51,-4.440892098500626e-16,89.99999999999997,270.0,-1.1368683772161603e-13
271,202001,102.0,192,41,-1.6653345369377348e-16,90.0,270.00000000000006,-7.815970093361102e-14
277,202005,122.0,32,50,1.6653345369377348e-16,90.0,270.0,7.105427357601002e-14
266,202001,107.0,17,55,1.1102230246251565e-16,90.0,270.0,2.842170943040401e-14
272,202005,145.0,55,62,-2.7755575615628914e-16,89.99999999999999,270.0,-4.263256414560601e-14
275,202001,110.0,20,62,0.0,90.0,270.0,0.0
276,202001,120.0,210,58,-3.3306690738754696e-16,89.99999999999999,270.0,-8.526512829121202e-14
277,202005,102.0,12,43,0.0,90.0,270.00000000000006,2.842170943040401e-14
279,202005,134.0,44,65,-1.1102230246251565e-16,90.0,270.0,-5.684341886080802e-14
281,202001,115.0,25,40,1.6653345369377348e-16,90.0,270.0,5.684341886080802e-14
275,202001,135.0,45,53,0.0,90.0,270.0,0.0
280,202001,145.0,55,65,-2.7755575615628914e-16,89.99999999999999,270.0,-4.263256414560601e-14
330,202005,58.0,328,47,-5.551115123125783e-17,90.0,270.0,-5.684341886080802e-14
342,202001,67.0,157,43,5.551115123125783e-17,90.0,270.0,4.263256414560601e-14
358,202005,129.0,39,10,1.6653345369377348e-16,90.0,269.99999999999994,2.842170943040401e-14
87,202001,15.0,105,30,-1.3877787807814457e-16,90.0,270.0,-2.842170943040401e-14
91,202001,28.0,298,70,-3.885780586188048e-16,89.99999999999999,270.0,-1.2789769243681803e-13
102,202001,3.0,93,42,-6.938893903907228e-18,90.0,269.99999999999994,-2.3092638912203256e-14
106,202001,63.0,333,38,-1.6653345369377348e-16,90.0,269.99999999999994,-4.263256414560601e-14
111,202001,63.0,333,30,-1.6653345369377348e-16,90.0,269.99999999999994,-4.263256414560601e-14
118,202001,27.0,117,50,5.551115123125783e-17,90.0,270.0,1.4210854715202004e-14
118,202001,42.0,312,48,-5.551115123125783e-16,89.99999999999997,270.0,-1.7053025658242404e-13
127,202001,60.0,330,18,-3.885780586188048e-16,89.99999999999999,269.99999999999994,-1.1368683772161603e-13
132,202001,18.0,288,75,-2.220446049250313e-16,89.99999999999999,269.99999999999994,-4.263256414560601e-14
136,202001,58.0,148,72,0.0,90.0,269.99999999999994,0.0
139,202001,175.0,265,12,5.551115123125783e-17,90.0,270.0,1.7763568394002505e-14
140,202001,13.0,103,78,-2.7755575615628914e-17,90.0,270.0,-7.105427357601002e-15
138,202001,79.0,169,65,5.551115123125783e-17,90.0,270.00000000000006,7.105427357601002e-15
126,202001,26.0,116,80,-1.1102230246251565e-16,90.0,270.00000000000006,-7.105427357601002e-14
85,202011,90.0,0,63,6.123233995736766e-17,90.0,270.0,0.0
141,202001,62.0,332,38,0.0,90.0,270.0,1.4210854715202004e-14
