section,code,R,G,B,HEX,note
表2 正式地层单位用色,Qh,255,255,191,#ffffbf,
表2 正式地层单位用色,Qp,247,247,136,#f7f788,
表2 正式地层单位用色,QpQh,250,250,162,#fafaa2,
表2 正式地层单位用色,N1,255,237,115,#ffed73,
表2 正式地层单位用色,N2,255,242,179,#fff2b3,
表2 正式地层单位用色,E1,255,179,102,#ffb366,
表2 正式地层单位用色,E2,255,207,140,#ffcf8c,
表2 正式地层单位用色,E3,255,222,166,#ffdea6,
表2 正式地层单位用色,K1,140,255,51,#8cff33,
表2 正式地层单位用色,K2,204,255,115,#ccff73,
表2 正式地层单位用色,J1,77,242,255,#4df2ff,
表2 正式地层单位用色,J2,140,255,242,#8cfff2,
表2 正式地层单位用色,J3,204,255,255,#ccffff,
表2 正式地层单位用色,T1,230,153,255,#e699ff,
表2 正式地层单位用色,T2,240,179,255,#f0b3ff,
表2 正式地层单位用色,T3,255,222,255,#ffdeff,
表2 正式地层单位用色,P1,240,192,24,#f0c018,
表2 正式地层单位用色,P2,242,206,48,#f2ce30,
表2 正式地层单位用色,P3,247,230,87,#f7e657,
表2 正式地层单位用色,C1,135,153,153,#879999,
表2 正式地层单位用色,C2,176,191,191,#b0bfbf,
表2 正式地层单位用色,D1,166,115,115,#a67373,
表2 正式地层单位用色,D2,191,153,153,#bf9999,
表2 正式地层单位用色,D3,222,179,191,#deb3bf,
表2 正式地层单位用色,S1,184,191,13,#b8bf0d,
表2 正式地层单位用色,S2,189,204,38,#bdcc26,
表2 正式地层单位用色,S3,199,217,77,#c7d94d,
表2 正式地层单位用色,S4,216,242,121,#d8f279,
表2 正式地层单位用色,S3-4,206,240,108,#cef06c,
表2 正式地层单位用色,Pt1,184,162,96,#b8a260,
表2 正式地层单位用色,Pt2,217,166,64,#d9a640,
表2 正式地层单位用色,Pt3,255,191,128,#ffbf80,
表2 正式地层单位用色,Ch,188,183,129,#bcb781,
表2 正式地层单位用色,Nh,232,153,179,#e899b3,
表2 正式地层单位用色,Z,255,191,128,#ffbf80,
表2 正式地层单位用色,Qb,209,133,117,#d18575,
表2 正式地层单位用色,Ar3,240,173,240,#f0adf0,
表2 正式地层单位用色,Ar2,230,149,230,#e695e6,
表2 正式地层单位用色,Ar1,217,119,217,#d977d9,
表2 正式地层单位用色,Ar0,217,104,217,#d968d9,
表2 正式地层单位用色,Hd,204,102,102,#cc6666,
表3 跨时代地层单位用色,NQ,255,217,115,#ffd973,
表3 跨时代地层单位用色,EN,255,196,163,#ffc4a3,
表3 跨时代地层单位用色,KE,140,255,0,#8cff00,
表3 跨时代地层单位用色,EK,140,255,0,#8cff00,
表3 跨时代地层单位用色,JK,51,242,255,#33f2ff,
表3 跨时代地层单位用色,TJ,217,128,255,#d980ff,
表3 跨时代地层单位用色,PT,237,190,0,#edbe00,
表3 跨时代地层单位用色,CP,153,204,204,#99cccc,
表3 跨时代地层单位用色,DC,166,115,115,#a67373,
表3 跨时代地层单位用色,SD,153,235,0,#99eb00,
表3 跨时代地层单位用色,OS,77,255,115,#4dff73,
表3 跨时代地层单位用色,EO,89,204,128,#59cc80,
表3 跨时代地层单位用色,ZE,255,153,0,#ff9900,
表3 跨时代地层单位用色,NhZ,224,128,153,#e08099,
表3 跨时代地层单位用色,Ar3Pt1,159,138,74,#9f8a4a,
表6–8 酸性—中酸性侵入岩用色,T1,255,51,191,#ff33bf,按侵入岩大类及时代选用
表6–8 酸性—中酸性侵入岩用色,T2,255,77,204,#ff4dcc,按侵入岩大类及时代选用
表6–8 酸性—中酸性侵入岩用色,T3,255,102,217,#ff66d9,按侵入岩大类及时代选用
表6–8 酸性—中酸性侵入岩用色,P1,242,58,90,#f23a5a,按侵入岩大类及时代选用
表6–8 酸性—中酸性侵入岩用色,P2,242,80,114,#f25072,按侵入岩大类及时代选用
表6–8 酸性—中酸性侵入岩用色,P3,242,102,138,#f2668a,按侵入岩大类及时代选用
表6–8 酸性—中酸性侵入岩用色,C1,242,73,121,#f24979,按侵入岩大类及时代选用
表6–8 酸性—中酸性侵入岩用色,C2,242,85,133,#f25585,按侵入岩大类及时代选用
表6–8 酸性—中酸性侵入岩用色,D1,242,48,73,#f23049,按侵入岩大类及时代选用
表6–8 酸性—中酸性侵入岩用色,D2,242,70,90,#f2465a,按侵入岩大类及时代选用
表6–8 酸性—中酸性侵入岩用色,D3,242,90,119,#f25a77,按侵入岩大类及时代选用
表6–8 酸性—中酸性侵入岩用色,S1,242,89,153,#f25999,按侵入岩大类及时代选用
表6–8 酸性—中酸性侵入岩用色,S2,242,102,153,#f26699,按侵入岩大类及时代选用
表6–8 酸性—中酸性侵入岩用色,S3,242,112,163,#f270a3,按侵入岩大类及时代选用
表6–8 酸性—中酸性侵入岩用色,S4,242,125,163,#f27da3,按侵入岩大类及时代选用
表6–8 酸性—中酸性侵入岩用色,O1,237,87,107,#ed576b,按侵入岩大类及时代选用
表6–8 酸性—中酸性侵入岩用色,O2,237,99,120,#ed6378,按侵入岩大类及时代选用
表6–8 酸性—中酸性侵入岩用色,O3,237,112,133,#ed7085,按侵入岩大类及时代选用
表6–8 酸性—中酸性侵入岩用色,E1,230,61,122,#e63d7a,按侵入岩大类及时代选用
表6–8 酸性—中酸性侵入岩用色,E2,230,77,133,#e64d85,按侵入岩大类及时代选用
表6–8 酸性—中酸性侵入岩用色,E3,230,97,148,#e66194,按侵入岩大类及时代选用
表6–8 酸性—中酸性侵入岩用色,E4,230,122,166,#e67aa6,按侵入岩大类及时代选用
表6–8 酸性—中酸性侵入岩用色,Pt3,235,128,217,#eb80d9,按侵入岩大类及时代选用
表6–8 酸性—中酸性侵入岩用色,Pt2,230,99,133,#e66385,按侵入岩大类及时代选用
表6–8 酸性—中酸性侵入岩用色,Pt1,230,69,138,#e6458a,按侵入岩大类及时代选用
表6–8 酸性—中酸性侵入岩用色,Ch,230,85,122,#e6557a,按侵入岩大类及时代选用
表6–8 酸性—中酸性侵入岩用色,Ar3,230,153,217,#e699d9,按侵入岩大类及时代选用
表6–8 酸性—中酸性侵入岩用色,Ar2,230,128,204,#e680cc,按侵入岩大类及时代选用
表6–8 酸性—中酸性侵入岩用色,Ar1,230,102,191,#e666bf,按侵入岩大类及时代选用
表6–8 酸性—中酸性侵入岩用色,Ar0,230,89,179,#e659b3,按侵入岩大类及时代选用
表6–8 酸性—中酸性侵入岩用色,Hd,210,99,161,#d263a1,按侵入岩大类及时代选用
表9 中性侵入岩用色,Cz,77,230,255,#4de6ff,按侵入岩大类及时代选用
表9 中性侵入岩用色,Mz,51,217,255,#33d9ff,按侵入岩大类及时代选用
表9 中性侵入岩用色,Pz2,25,217,255,#19d9ff,按侵入岩大类及时代选用
表9 中性侵入岩用色,Pz1,0,217,255,#00d9ff,按侵入岩大类及时代选用
表9 中性侵入岩用色,Pt3,38,204,255,#26ccff,按侵入岩大类及时代选用
表9 中性侵入岩用色,Pt2,13,204,255,#0dccff,按侵入岩大类及时代选用
表9 中性侵入岩用色,Pt1,64,204,255,#40ccff,按侵入岩大类及时代选用
表9 中性侵入岩用色,Ar3,48,218,242,#30daf2,按侵入岩大类及时代选用
表9 中性侵入岩用色,Ar2,24,218,242,#18daf2,按侵入岩大类及时代选用
表9 中性侵入岩用色,Ar1,12,206,242,#0ccef2,按侵入岩大类及时代选用
表9 中性侵入岩用色,Ar0,0,194,242,#00c2f2,按侵入岩大类及时代选用
表9 中性侵入岩用色,Hd,36,182,242,#24b6f2,按侵入岩大类及时代选用
表10 基性侵入岩用色,Cz,77,255,77,#4dff4d,按侵入岩大类及时代选用
表10 基性侵入岩用色,Mz,51,255,51,#33ff33,按侵入岩大类及时代选用
表10 基性侵入岩用色,Pz2,25,255,51,#19ff33,按侵入岩大类及时代选用
表10 基性侵入岩用色,Pz1,0,255,0,#00ff00,按侵入岩大类及时代选用
表10 基性侵入岩用色,Pt3,77,242,77,#4df24d,按侵入岩大类及时代选用
表10 基性侵入岩用色,Pt2,51,230,77,#33e64d,按侵入岩大类及时代选用
表10 基性侵入岩用色,Pt1,25,217,77,#19d94d,按侵入岩大类及时代选用
表10 基性侵入岩用色,Ar3,64,230,25,#40e619,按侵入岩大类及时代选用
表10 基性侵入岩用色,Ar2,51,217,25,#33d919,按侵入岩大类及时代选用
表10 基性侵入岩用色,Ar1,38,204,25,#26cc19,按侵入岩大类及时代选用
表10 基性侵入岩用色,Ar0,25,191,25,#19bf19,按侵入岩大类及时代选用
表10 基性侵入岩用色,Hd,24,194,48,#18c230,按侵入岩大类及时代选用
表11 超基性侵入岩用色,Cz,153,153,255,#9999ff,按侵入岩大类及时代选用
表11 超基性侵入岩用色,Mz,153,128,255,#9980ff,按侵入岩大类及时代选用
表11 超基性侵入岩用色,Pz2,153,102,255,#9966ff,按侵入岩大类及时代选用
表11 超基性侵入岩用色,Pz1,153,77,255,#994dff,按侵入岩大类及时代选用
表11 超基性侵入岩用色,Pt3,128,128,255,#8080ff,按侵入岩大类及时代选用
表11 超基性侵入岩用色,Pt2,128,102,255,#8066ff,按侵入岩大类及时代选用
表11 超基性侵入岩用色,Pt1,128,77,255,#804dff,按侵入岩大类及时代选用
表11 超基性侵入岩用色,Ar3,102,128,255,#6680ff,按侵入岩大类及时代选用
表11 超基性侵入岩用色,Ar2,102,102,255,#6666ff,按侵入岩大类及时代选用
表11 超基性侵入岩用色,Ar1,102,77,255,#664dff,按侵入岩大类及时代选用
表11 超基性侵入岩用色,Ar0,102,51,255,#6633ff,按侵入岩大类及时代选用
表11 超基性侵入岩用色,Hd,97,85,242,#6155f2,按侵入岩大类及时代选用
表12 碱性侵入岩用色,Cz,255,230,102,#ffe666,按侵入岩大类及时代选用
表12 碱性侵入岩用色,Mz,255,217,89,#ffd959,按侵入岩大类及时代选用
表12 碱性侵入岩用色,Pz2,255,204,77,#ffcc4d,按侵入岩大类及时代选用
表12 碱性侵入岩用色,Pz1,255,204,51,#ffcc33,按侵入岩大类及时代选用
表12 碱性侵入岩用色,Pt3,255,191,89,#ffbf59,按侵入岩大类及时代选用
表12 碱性侵入岩用色,Pt2,255,179,77,#ffb34d,按侵入岩大类及时代选用
表12 碱性侵入岩用色,Pt1,255,179,51,#ffb333,按侵入岩大类及时代选用
表12 碱性侵入岩用色,Ar3,242,206,97,#f2ce61,按侵入岩大类及时代选用
表12 碱性侵入岩用色,Ar2,242,206,73,#f2ce49,按侵入岩大类及时代选用
表12 碱性侵入岩用色,Ar1,242,194,61,#f2c23d,按侵入岩大类及时代选用
表12 碱性侵入岩用色,Ar0,242,194,48,#f2c230,按侵入岩大类及时代选用
表12 碱性侵入岩用色,Hd,237,178,59,#edb23b,按侵入岩大类及时代选用
侵入岩岩性大类兜底色,acid_intermediate,242,85,133,#f25585,该岩性无具体时代信息时的兜底色
侵入岩岩性大类兜底色,neutral,77,230,255,#4de6ff,该岩性无具体时代信息时的兜底色
侵入岩岩性大类兜底色,basic,51,255,51,#33ff33,该岩性无具体时代信息时的兜底色
侵入岩岩性大类兜底色,ultrabasic,128,102,255,#8066ff,该岩性无具体时代信息时的兜底色
侵入岩岩性大类兜底色,alkaline,255,204,77,#ffcc4d,该岩性无具体时代信息时的兜底色
其他兜底/特殊用色,special_unit,220,220,200,#dcdcc8,标准未规定面色时的兜底色
其他兜底/特殊用色,unknown,200,200,200,#c8c8c8,标准未规定面色时的兜底色
