ID,fault_code,fault_type_code,dip_angle,numeric_attr,length_m,length_km,azimuth_deg,strike_deg,confidence_code,activity_era_code,occurrence_code,description
1,,01,72.0,11.424102783203125,11419.578420406759,11.419578420406758,30.84628417484234,30.84628417484234,101,101,109,"D1s,D2t,ψ1D"
2,,01,69.0,11.77022933959961,11765.698148778814,11.765698148778814,30.40408610264903,30.40408610264903,101,101,109,"D1s,D2t"
4,,01,0.0,3.8969905376434326,3896.610789587279,3.896610789587279,270.60955079114206,90.60955079114206,101,101,109,"D1s,D2t"
5,,05,73.0,18.13394546508789,18126.81786160844,18.12681786160844,24.140305594721156,24.140305594721156,101,101,101,D1s
6,,01,0.0,18.586641311645508,18579.39539548396,18.57939539548396,197.0099868123835,17.009986812383488,101,101,109,"D1s,D2t"
7,,01,0.0,1.338931679725647,1338.3391889810587,1.3383391889810587,54.02649582358391,54.02649582358391,101,101,109,"D2t,ψ1D"
8,,01,0.0,12.025585174560547,12020.896021755862,12.020896021755862,201.56314649072496,21.56314649072496,101,101,109,"D2t,D1s,ψ1D"
9,,05,75.0,20.58602523803711,20577.979280809126,20.577979280809124,25.52457160258268,25.52457160258268,101,101,101,"D2t,D1s"
10,,01,0.0,15.793346405029297,15787.184423539766,15.787184423539765,15.76720371256145,15.76720371256145,101,101,109,"S3-4t,D1s,ψ1D"
11,,01,0.0,8.185691833496094,8182.509292890723,8.182509292890723,202.36883509552172,22.368835095521717,101,101,109,"D2t,D1s"
12,,05,0.0,2.665271282196045,2664.133483613954,2.664133483613954,218.53174284191456,38.531742841914564,101,101,101,"D2t,K1kz"
13,,05,0.0,9.419315338134766,9415.642558682188,9.415642558682189,35.57862295063184,35.57862295063184,101,101,101,"C2kk,C2ak"
14,,01,0.0,17.671905517578125,17664.946263330065,17.664946263330066,191.6776756906287,11.67767569062869,101,101,109,"K1kz,C2kk,C2ak"
15,,01,0.0,1.340593695640564,1340.0169896731443,1.3400169896731442,283.9493766802469,103.94937668024693,101,101,109,"C2ak,C2kk"
16,,01,0.0,0.16620345413684845,166.13839697602396,0.16613839697602395,227.28943380184583,47.28943380184583,101,101,109,"C2ak,C2kk"
17,,01,0.0,12.417038917541504,12412.175852242504,12.412175852242504,209.37153349897233,29.371533498972326,101,101,109,"C2ak,C1y"
18,,01,0.0,7.247898101806641,7244.95031395886,7.24495031395886,40.29402241423843,40.29402241423843,101,101,109,"ChA.,C2ak,C1y,C2kk,J3kz,K1kz,K2Y"
19,,05,76.0,5.659360408782959,5657.307575096978,5.657307575096978,82.45367780851662,82.45367780851662,101,101,101,"ChA.,J2t"
20,,01,0.0,8.491045951843262,8487.552976408535,8.487552976408535,259.0230747833666,79.02307478336661,101,101,109,"ChA.,J1k,J1sh,D3kz2"
21,,28,53.0,5.03168249130249,5029.666650303017,5.029666650303017,345.8735792639435,165.8735792639435,101,102,109,"ChA.,J2y,J1k"
28,,01,0.0,16.477712631225586,16471.24134228229,16.47124134228229,54.64723063079713,54.64723063079713,101,101,109,"D3kz1,D3kz2,D3kz3,C2ak,C2kk,K1kz,J3kz"
29,,01,0.0,24.77625274658203,24766.52892859129,24.766528928591292,332.14627813408595,152.14627813408595,101,101,109,"ChA.,D3kz2"
30,,05,52.0,17.551305770874023,17544.518324907905,17.544518324907905,252.03645792523827,72.03645792523827,101,101,101,ChA.
32,,05,0.0,5.918458461761475,5916.221406192947,5.916221406192947,209.10566846769916,29.10566846769916,101,101,101,"D2t,C2ak"
33,,28,48.0,8.011371612548828,8008.320622868039,8.00832062286804,354.2173580509904,174.2173580509904,101,102,109,"ChA.,D3kz2,D3kz3"
36,,05,70.0,9.425225257873535,9421.524070460518,9.421524070460519,169.0586913000728,169.0586913000728,101,101,101,ChA.
37,,05,0.0,4.353628158569336,4351.916091686342,4.351916091686342,168.50214444912618,168.50214444912618,101,101,101,ChA.
39,,01,0.0,3.984255790710449,3982.663387607876,3.9826633876078756,5.448203863909722,5.448203863909722,101,101,109,"D3kz3,C2ak"
44,,01,68.0,5.145933151245117,5143.877241995312,5.143877241995312,168.18733297064298,168.18733297064298,101,101,109,ChA.
45,,05,0.0,2.022459030151367,2021.7113799992185,2.0217113799992186,22.60496201668416,22.60496201668416,101,101,101,"K2Y,K1kz"
46,,05,0.0,3.7485063076019287,3747.0216982722372,3.747021698272237,42.140342137761806,42.140342137761806,101,101,101,"C1y,K1kz"
47,,01,0.0,5.8325300216674805,5830.186374256058,5.8301863742560585,55.1086630679523,55.1086630679523,101,101,109,"D3kz3,D3kz2"
49,,01,0.0,2.8395333290100098,2838.4783998581493,2.838478399858149,29.265115219907464,29.265115219907464,101,101,109,"C2ak,C2kk,J3kz,K1kz"
51,,07,0.0,0.7474232316017151,747.1361479564753,0.7471361479564753,6.571487975070534,6.571487975070534,101,101,109,"C2ak,C2kk"
53,,01,0.0,1.1918816566467285,1191.3321272162086,1.1913321272162085,113.45331748836428,113.45331748836428,101,101,109,"D3kz3,D3kz2"
55,,28,0.0,1.6152211427688599,1614.5580335001184,1.6145580335001184,147.5027689917985,147.5027689917985,101,102,109,"J1k,T3t"
56,,01,0.0,5.878159046173096,5875.795992070251,5.875795992070251,175.00190466191805,175.00190466191805,101,101,109,"C2kk,D1s,C2ak,K1kz"
57,,05,65.0,2.58227276802063,2581.1195937710418,2.581119593771042,122.01702935594425,122.01702935594425,101,101,101,J2y
62,,01,0.0,5.454319953918457,5452.186454253966,5.452186454253966,111.7864253959667,111.7864253959667,101,101,109,"D3kz3,D3kz2"
67,,01,0.0,4.59920597076416,4597.427441971074,4.597427441971074,291.03108783900007,111.03108783900007,101,101,109,"D3kz3,D2t,C2ak,D3kz2,K1kz,J3kz"
69,,01,50.0,12.434046745300293,12429.200081331297,12.429200081331297,286.1454520763789,106.14545207637889,101,101,109,"J1sh,J1k,D3kz3"
72,,05,0.0,3.904519557952881,3902.9782115081257,3.9029782115081257,39.06478369086291,39.06478369086291,101,101,101,"C2ak,K1kz,K2Y,N1k,C2kk,C1y"
74,,05,50.0,13.272939682006836,13267.767971875202,13.267767971875202,299.0325084400851,119.03250844008511,101,101,101,"D3kz3,J1k,J1sh"
80,,01,80.0,11.181625366210938,11177.277421801702,11.177277421801701,12.622072065374285,12.622072065374285,101,101,109,"D1s,D2t"
82,,01,0.0,0.4888775646686554,488.6284471056274,0.4886284471056274,42.45029410251891,42.45029410251891,101,101,109,K2Y
87,,05,0.0,0.6087192296981812,608.4332092413781,0.6084332092413781,322.33679950682904,142.33679950682904,101,101,101,"K1kz,C2kk"
90,,28,0.0,0.9675419330596924,967.146066761546,0.967146066761546,150.79180026471144,150.79180026471144,101,102,109,"J1k,T3t"
91,,01,70.0,26.57538414001465,26564.896853723436,26.564896853723436,21.894548506817088,21.894548506817088,101,101,109,"D1s,D2t"
92,,01,0.0,1.9492861032485962,1948.6093648820934,1.9486093648820935,89.1129389072426,89.1129389072426,101,101,109,"D1s,D2t"
94,,01,0.0,10.497974395751953,10493.846210162556,10.493846210162555,106.25335515053666,106.25335515053666,101,101,109,"ChA.,D3kz2,D3kz3,J3kz,D3kz1"
100,,31,0.0,0.7390732169151306,738.7814871574038,0.7387814871574039,275.08174292916226,95.08174292916226,101,101,109,"K2Y,EK"
103,,28,0.0,8.598916053771973,8595.537102766779,8.595537102766778,27.755856332872963,27.755856332872963,101,102,109,"ChA.,D3kz1"
104,,31,0.0,2.218073606491089,2217.362045978349,2.217362045978349,249.22049979898486,69.22049979898486,101,101,109,"K2Y,N1k"
106,,05,0.0,2.8976895809173584,2896.5653904570245,2.8965653904570243,343.16692610025433,163.16692610025433,101,101,101,"C2kk,K2Y,EK"
110,,31,0.0,4.756041526794434,4754.17673364832,4.75417673364832,304.6779227853879,124.67792278538792,101,101,109,"K1kz,K2Y"
113,,01,0.0,6.104623794555664,6102.269061863169,6.1022690618631685,246.16020465467392,66.16020465467392,101,101,109,"D3kz2,D3kz3,J1sh,J1k"
117,,28,73.0,5.7209882736206055,5718.764676575044,5.718764676575044,133.4950330118304,133.4950330118304,101,102,109,"J1k,T3t"
120,,31,0.0,0.12410154193639755,123.89865839367225,0.12389865839367226,244.7551676394603,64.7551676394603,101,101,109,"ChA.,K1kz"
121,,31,0.0,2.5144646167755127,2513.5451217349682,2.513545121734968,191.4871978358021,11.487197835802107,101,101,109,"ChA.,K1kz"
124,,31,0.0,9.422953605651855,9419.186725518131,9.41918672551813,292.9009147062392,112.90091470623918,101,101,109,"ChA.,K1kz"
127,,31,0.0,8.915604591369629,8911.9868863307,8.9119868863307,231.19943692665257,51.19943692665257,101,101,109,"S3-4t,Qp1X,D1s"
129,,05,69.0,5.249414920806885,5247.25853565503,5.24725853565503,15.66174952606779,15.66174952606779,101,101,101,"D1s,D2t"
131,,01,0.0,13.779556274414062,13774.237145878613,13.774237145878613,354.75184955332304,174.75184955332304,101,101,109,D1s
132,,31,67.0,19.984678268432617,19976.818651949456,19.976818651949454,274.69416185473426,94.69416185473426,101,101,109,"ChA.,D3kz2,EK,J3kz,D3kz1,K1kz,K2Y"
135,,31,0.0,8.71077823638916,8707.484278000275,8.707484278000274,251.95512703760187,71.95512703760187,101,101,109,"D3kz2,J1sh,J1k,D3kz3"
137,,31,0.0,3.582542896270752,3581.23657211077,3.58123657211077,293.45026732605004,113.45026732605004,101,101,109,"J1sh,K1kz,J1k"
146,,31,0.0,1.5715866088867188,1571.1074909598549,1.5711074909598548,306.87971640440753,126.87971640440753,101,101,109,"J1k,K1kz"
151,,28,0.0,0.4715104401111603,471.32768668454213,0.4713276866845421,137.72172165006359,137.72172165006359,101,102,109,"C1y,J1sh"
152,,05,64.0,8.336316108703613,8333.039169111908,8.333039169111908,77.96867675218938,77.96867675218938,101,101,101,"N1k,Qp1X,N1a"
158,,28,0.0,1.1296923160552979,1129.3022084410914,1.1293022084410913,143.87041260501456,143.87041260501456,101,102,109,"T3t,J1sh,C1y"
159,,05,0.0,2.5250349044799805,2524.099861551922,2.524099861551922,16.927407691165012,16.927407691165012,101,101,101,"D1s,D2t"
160,,31,0.0,2.3609917163848877,2360.2232682929684,2.3602232682929682,251.9049887328738,71.90498873287379,101,101,109,"D3kz2,J1k"
161,,31,0.0,1.2433838844299316,1242.8105707902232,1.2428105707902233,279.9237800735525,99.9237800735525,101,101,109,"ChA.,J1sh,J1k"
162,,01,0.0,1.9190077781677246,1918.4228488976028,1.9184228488976027,109.87906634716846,109.87906634716846,101,101,109,"ChA.,D3kz2"
166,,31,0.0,4.294253349304199,4292.665387343156,4.292665387343156,279.56704826134563,99.56704826134563,101,101,109,"ChA.,J1k"
167,,01,0.0,1.5682801008224487,1567.5874867376865,1.5675874867376864,287.7250362581206,107.72503625812061,101,101,109,"J1k,K1kz"
168,,31,0.0,2.640170097351074,2639.2230463411697,2.63922304634117,260.4264352383484,80.4264352383484,101,101,109,"ChA.,D3kz2,J1k"
170,,01,0.0,2.5185911655426025,2517.612229500876,2.517612229500876,275.6291427189566,95.62914271895659,101,101,109,"J1k,K1kz"
171,,05,0.0,26.45926856994629,26448.884076585022,26.44888407658502,59.345995824849886,59.345995824849886,101,101,101,"N2a,N1p"
172,,01,0.0,1.9859575033187866,1985.3501577185357,1.9853501577185357,272.8181227649281,92.81812276492809,101,101,109,"J2y,K1kz"
173,,01,0.0,2.926136016845703,2925.076107810181,2.925076107810181,262.890092307625,82.89009230762503,101,101,109,"J2y,K1kz"
174,,05,55.0,12.529833793640137,12524.965458284696,12.524965458284695,114.23369014492114,114.23369014492114,101,101,101,"J2y,K1kz"
175,,05,63.0,7.291255474090576,7288.343777063815,7.288343777063814,117.7839876966162,117.7839876966162,101,101,101,"N1p,N1k,N2a"
176,,31,0.0,6.756058216094971,6753.4392931725,6.7534392931725,203.01976988760578,23.019769887605776,101,101,109,"S3-4t,N2a,N1p,K1kz"
179,,01,0.0,1.4457833766937256,1445.1914278436795,1.4451914278436795,184.08394498284773,4.083944982847726,101,101,109,D1s
181,,05,0.0,10.770913124084473,10766.700592252713,10.766700592252713,77.24598638259788,77.24598638259788,101,101,101,"N2a,N1k"
182,,05,70.0,5.724230766296387,5721.9139054233065,5.721913905423307,91.60062218728628,91.60062218728628,101,101,101,"N2a,Qp1X"
187,,01,0.0,0.8722001910209656,871.8100667906673,0.8718100667906673,35.09992920170435,35.09992920170435,101,101,109,"S3-4t,K1kz"
188,,05,57.0,6.399048328399658,6396.56189617049,6.39656189617049,31.72012150350091,31.72012150350091,101,101,101,"D1s,Qp1X,D2t"
189,,01,0.0,11.493454933166504,11489.03475998797,11.48903475998797,81.60035374037541,81.60035374037541,101,101,109,"N1k,EK"
191,,01,0.0,18.0933837890625,18086.375722554367,18.086375722554365,135.23264142993688,135.23264142993688,101,101,109,"N1a,EK,N1p,N1k"
194,,01,0.0,5.120353698730469,5118.392418558699,5.1183924185587,38.43545082275187,38.43545082275187,101,101,109,"S3-4t,K1kz"
196,,01,0.0,9.723012924194336,9719.26948119689,9.719269481196891,82.07218874937554,82.07218874937554,101,101,109,"N1k,EK"
200,,05,65.0,36.16042709350586,36146.24740943232,36.14624740943232,60.01288129296076,60.01288129296076,101,101,101,"EK,N1a,N1p"
203,,01,0.0,2.3214871883392334,2320.6130367178557,2.3206130367178557,32.74293238149111,32.74293238149111,101,101,109,"D1s,D2t"
204,,31,51.0,5.442805290222168,5440.576328831571,5.440576328831571,192.83541772652754,12.835417726527538,101,101,109,"Qp1X,S3-4t,EK"
205,,05,0.0,14.129937171936035,14124.361175970243,14.124361175970243,21.919517506458376,21.919517506458376,101,101,101,"S3-4t,D2t"
206,,05,0.0,1.1116912364959717,1111.2413578223304,1.1112413578223304,221.1652014852704,41.16520148527039,101,101,101,D2t
207,,01,0.0,0.35743749141693115,357.2976194473796,0.3572976194473796,25.837317098527205,25.837317098527205,101,101,109,"D1s,Qp1X"
208,F9,41,0.0,90.46649932861328,50717.410841131,50.717410841131,245.26406795482677,65.26406795482677,103,101,109,碎裂岩、构造角砾岩、糜棱岩和糜棱岩化岩石、片理化岩石、石英脉、蛇绿岩团块和地层中内生的变砂岩团块
209,F9,41,0.0,90.46649932861328,14506.820998131374,14.506820998131374,128.6475767724625,128.6475767724625,103,101,109,碎裂岩、构造角砾岩、糜棱岩和糜棱岩化岩石、片理化岩石、石英脉、蛇绿岩团块和地层中内生的变砂岩团块
210,,01,0.0,2.881707191467285,2880.6474018337017,2.8806474018337016,120.14564483509004,120.14564483509004,101,101,109,"N1k,N1p"
213,,05,65.0,6.118621349334717,6116.210437497824,6.116210437497824,29.812346045373804,29.812346045373804,101,101,101,"D2t,D1s"
216,,01,0.0,2.7543697357177734,2753.289398223954,2.753289398223954,77.41052115114171,77.41052115114171,101,101,109,"EK,N1k"
219,,05,0.0,6.384174823760986,6381.674591579215,6.381674591579215,56.39968239633886,56.39968239633886,101,101,101,"N1a,N1p"
221,,01,70.0,10.511878967285156,10507.680606436019,10.507680606436018,105.63244961643294,105.63244961643294,101,101,109,N1p
222,,05,55.0,18.641496658325195,18634.22228824728,18.634222288247283,83.91315477354924,83.91315477354924,101,101,101,"N1k,EK"
224,,05,72.0,19.311697006225586,19304.029566375382,19.304029566375384,102.93665306911791,102.93665306911791,101,101,101,"N1k,EK"
226,,01,0.0,16.91315269470215,16906.37503323438,16.90637503323438,99.63234237067267,99.63234237067267,101,101,109,"EK,N1k,K2Y"
232,,31,0.0,1.497348666191101,1496.7767847505718,1.4967767847505717,184.60863462001382,4.608634620013817,101,101,109,"S3-4t,N1p"
233,,01,80.0,2.5852582454681396,2584.245856232693,2.584245856232693,87.14662057175305,87.14662057175305,101,101,109,"D2t,D1s"
235,,05,70.0,6.182848930358887,6180.468215055373,6.180468215055373,211.98245195189241,31.982451951892415,101,101,101,"D2t,D1s"
241,,31,0.0,1.1892032623291016,1188.7379318048172,1.1887379318048172,201.0188457375736,21.0188457375736,101,101,109,"S3-4t,N1p"
243,F9,41,0.0,90.46649932861328,1129.050155301465,1.1290501553014651,122.55727561511111,122.55727561511111,103,101,109,碎裂岩、构造角砾岩、糜棱岩和糜棱岩化岩石、片理化岩石、石英脉、蛇绿岩团块和地层中内生的变砂岩团块
245,,01,0.0,4.535872459411621,4534.2383551479525,4.534238355147952,117.09984662728662,117.09984662728662,101,101,109,EK
246,,01,0.0,3.010413408279419,3009.0664320712444,3.0090664320712444,103.73274136537793,103.73274136537793,101,101,109,"N1a,EK,N1k"
247,,01,0.0,8.015301704406738,8012.211209393415,8.012211209393415,62.36017906579328,62.36017906579328,101,101,109,"EK,N1k,N1a"
248,F9,41,0.0,90.46649932861328,3909.2691173233725,3.9092691173233725,121.28636527812805,121.28636527812805,103,101,109,碎裂岩、构造角砾岩、糜棱岩和糜棱岩化岩石、片理化岩石、石英脉、蛇绿岩团块和地层中内生的变砂岩团块
249,,31,52.0,8.665578842163086,8662.199249584923,8.662199249584923,217.87910685833563,37.87910685833563,101,101,109,"N1a,S3-4t,N1k"
252,,01,0.0,2.652982711791992,2652.110104042914,2.652110104042914,100.08875494460065,100.08875494460065,101,101,109,"EK,N1k"
254,,01,0.0,1.3561303615570068,1355.5996091449829,1.355599609144983,115.88053492869044,115.88053492869044,101,101,109,"N1k,EK"
256,,01,0.0,12.426712036132812,12421.828853678764,12.421828853678765,41.630539815983624,41.630539815983624,101,101,109,"S3-4t,D2t,Qsn"
258,,01,0.0,3.290801525115967,3289.6163183052245,3.2896163183052245,116.66400119704288,116.66400119704288,101,101,109,"N1k,EK"
260,,05,50.0,7.09731388092041,7094.6203208508405,7.09462032085084,92.74214265672401,92.74214265672401,101,101,101,EK
262,F9,41,0.0,90.46649932861328,20168.229998108643,20.168229998108643,93.89370600991899,93.89370600991899,103,101,109,碎裂岩、构造角砾岩、糜棱岩和糜棱岩化岩石、片理化岩石、石英脉、蛇绿岩团块和地层中内生的变砂岩团块
271,,05,71.0,3.0689308643341064,3067.8627627830065,3.0678627627830064,78.85374869236377,78.85374869236377,101,101,101,"N1a,EK"
273,,05,80.0,25.444660186767578,25434.860213593587,25.434860213593588,64.98388329844417,64.98388329844417,101,101,101,"N1k,EK,N1a"
274,,01,0.0,3.856812000274658,3855.388620665065,3.855388620665065,64.67091384541776,64.67091384541776,101,101,109,"EK,N1k"
275,,18,0.0,7.628944396972656,7625.945407219616,7.625945407219616,174.37712503130746,174.37712503130746,101,101,104,"EK,N1k,N1a"
276,,01,0.0,18.247325897216797,18240.274702961913,18.240274702961912,69.03424586931122,69.03424586931122,101,101,109,"EK,N1k"
278,,31,0.0,8.300130844116211,8296.729244617494,8.296729244617493,244.39618045760687,64.39618045760687,101,101,109,"S3-4t,N1k,K1kz,Qsn"
281,,16,0.0,2.7801902294158936,2779.095666635785,2.779095666635785,162.72528970460814,162.72528970460814,101,101,103,"N1k,N1a"
283,,04,0.0,1.364855408668518,1364.401698770229,1.364401698770229,67.56440816371973,67.56440816371973,101,101,109,Qsn
290,,01,0.0,18.566591262817383,18559.308898477186,18.559308898477187,79.02707736483697,79.02707736483697,101,101,109,"N1a,Qp1X,N1p"
292,,01,68.0,4.824638366699219,4822.725465381272,4.822725465381272,133.5930868764968,133.5930868764968,101,101,109,"Qp1X,N1p"
293,,01,0.0,4.930076599121094,4928.170618050397,4.928170618050397,70.9345327589399,70.9345327589399,101,101,109,"N1a,N1k"
294,,01,0.0,38.245941162109375,38230.96281896583,38.230962818965835,106.18458823861344,106.18458823861344,101,101,109,"N1k,N1a,N1p,Qp1X"
298,,01,0.0,0.29436320066452026,294.24799300380386,0.29424799300380383,79.42842444920728,79.42842444920728,101,101,109,N1a
300,,01,0.0,3.165954113006592,3164.545344347234,3.164545344347234,77.58808271765031,77.58808271765031,101,101,109,N1a
307,,01,0.0,1.0291188955307007,1028.63329265388,1.0286332926538801,74.87610698361058,74.87610698361058,101,101,109,"N1k,N1a"
308,,05,67.0,49.643089294433594,49623.64731990148,49.62364731990148,75.25614098414077,75.25614098414077,101,101,101,"N1k,N1a,EK"
310,,01,0.0,42.80464172363281,42788.006926772156,42.788006926772155,76.47013099662094,76.47013099662094,101,101,109,"N1a,N1k,EK"
315,,05,63.0,25.147197723388672,25137.3255377204,25.1373255377204,79.17015810885918,79.17015810885918,101,101,101,"EK,N1k"
319,,05,73.0,9.672572135925293,9668.69176288878,9.66869176288878,107.06527223095904,107.06527223095904,101,101,101,"Qp1X,N1k,N1p"
322,,04,0.0,4.659941673278809,4658.281296741946,4.658281296741946,101.2597309134512,101.2597309134512,101,101,109,"EK,Qsn"
323,,01,0.0,0.8886851072311401,888.3371616517303,0.8883371616517303,92.9395386304095,92.9395386304095,101,101,109,EK
324,,04,0.0,0.45631855726242065,456.1399819877241,0.45613998198772415,89.51427541358139,89.51427541358139,101,101,109,Qsn
325,,01,0.0,2.6571247577667236,2656.2516907436852,2.656251690743685,79.0148724306815,79.0148724306815,101,101,109,EK
326,,04,0.0,1.4672454595565796,1466.4991782128404,1.4664991782128405,93.33204900709866,93.33204900709866,101,101,109,Qsn
327,,01,0.0,0.581183135509491,581.127496284412,0.5811274962844121,94.87784550475655,94.87784550475655,101,101,109,EK
328,,04,0.0,0.7858133912086487,785.4218874670609,0.7854218874670609,100.60791752241356,100.60791752241356,101,101,109,Qsn
329,,01,0.0,4.974389553070068,4972.5286730593625,4.9725286730593625,277.7173541350001,97.71735413500011,101,101,109,"Qsn,EK"
330,,04,0.0,1.4571607112884521,1456.594967342183,1.456594967342183,80.4772060351448,80.4772060351448,101,101,109,Qsn
335,,01,0.0,0.7441659569740295,743.7029921614921,0.7437029921614922,91.6082233243421,91.6082233243421,101,101,109,"Qsn,EK"
340,,01,0.0,4.689230442047119,4687.397980309917,4.6873979803099175,93.77503436869672,93.77503436869672,101,101,109,"N1k,N1p,N1a"
342,,01,0.0,8.705697059631348,8702.466772573887,8.702466772573887,84.82122595998392,84.82122595998392,101,101,109,"N1k,N1p"
344,,01,0.0,6.749688148498535,6746.962064263505,6.7469620642635055,93.77681505243358,93.77681505243358,101,101,109,"Qp1X,N1k"
345,,01,0.0,1.7299939393997192,1729.2308384911207,1.7292308384911208,89.05816359433753,89.05816359433753,101,101,109,"N1a,N1p"
348,,01,0.0,0.8041202425956726,803.8907666030387,0.8038907666030387,82.60626401958193,82.60626401958193,101,101,109,N1k
349,,01,74.0,5.367391586303711,5365.293809259383,5.365293809259383,88.1960290208725,88.1960290208725,101,101,109,Qp1X
351,,01,0.0,3.4811177253723145,3479.585239058889,3.479585239058889,107.93668465298164,107.93668465298164,101,101,109,→N↓1→k
352,,01,0.0,0.4119621813297272,411.8708127447393,0.4118708127447393,54.78410180661802,54.78410180661802,101,101,109,"N1p,EK"
353,,01,0.0,2.845886468887329,2844.7734235718035,2.8447734235718034,71.79695516058602,71.79695516058602,101,101,109,"EK,N2a"
354,,01,0.0,8.277881622314453,8274.485612975719,8.274485612975718,56.671384276302895,56.671384276302895,101,101,109,"EK,N2a,K1kz"
355,,01,0.0,3.011890411376953,3010.711744199078,3.010711744199078,84.54332172113885,84.54332172113885,101,101,109,"EK,N2a"
356,,01,0.0,1.7760456800460815,1775.274854484585,1.7752748544845849,117.08767675908506,117.08767675908506,101,101,109,"N1k,N1a"
358,,01,0.0,2.9178223609924316,2916.764819930242,2.916764819930242,103.90049647644153,103.90049647644153,101,101,109,N1k
360,F48,28,0.0,130.55575561523438,9597.458577237263,9.597458577237264,67.01497511955597,67.01497511955597,101,102,109,碎裂岩、构造角砾岩、糜棱岩和糜棱岩化岩石、片理化岩石、石英脉、蛇绿岩团块和地层中内生的变砂岩团块
361,,05,0.0,15.509527206420898,15503.416523285112,15.503416523285113,96.1229159288255,96.1229159288255,101,101,101,"N2a,EK"
362,F48,28,0.0,130.55575561523438,1622.6844459648573,1.6226844459648573,164.60299504697284,164.60299504697284,101,102,109,碎裂岩、构造角砾岩、糜棱岩和糜棱岩化岩石、片理化岩石、石英脉、蛇绿岩团块和地层中内生的变砂岩团块
363,,05,65.0,3.445913076400757,3444.571256414686,3.444571256414686,86.37842658247904,86.37842658247904,101,101,101,"N2a,EK"
365,,01,0.0,14.635799407958984,14629.892647060231,14.629892647060231,277.3312115374015,97.33121153740149,101,101,109,EK
366,,01,50.0,1.141309142112732,1140.9516838134423,1.1409516838134424,258.8840342686141,78.88403426861407,101,101,109,EK
367,,01,0.0,3.3644609451293945,3363.308921955515,3.363308921955515,109.98606335233453,109.98606335233453,101,101,109,"EK,N1k"
369,,05,25.0,29.011398315429688,28999.96462342731,28.99996462342731,83.05093487646285,83.05093487646285,101,101,101,"EK,N2a,N1k,P2q"
370,,18,0.0,5.816792964935303,5814.3684232810365,5.814368423281037,60.12077233271992,60.12077233271992,101,101,104,"N2a,P2q,EK"
373,F48,05,0.0,130.55575561523438,3165.7067267353405,3.1657067267353405,127.78269274269924,127.78269274269924,101,102,109,碎裂岩、构造角砾岩、糜棱岩和糜棱岩化岩石、片理化岩石、石英脉、蛇绿岩团块和地层中内生的变砂岩团块
375,F48,28,0.0,130.55575561523438,1425.7612144009238,1.4257612144009237,147.27597215412487,147.27597215412487,101,102,109,碎裂岩、构造角砾岩、糜棱岩和糜棱岩化岩石、片理化岩石、石英脉、蛇绿岩团块和地层中内生的变砂岩团块
377,,01,0.0,21.21673583984375,21208.60858291562,21.208608582915623,87.9019924676422,87.9019924676422,101,101,109,"N1k,EK"
378,F48,05,58.0,130.55575561523438,18616.45565080189,18.61645565080189,92.31416951772117,92.31416951772117,101,102,109,碎裂岩、构造角砾岩、糜棱岩和糜棱岩化岩石、片理化岩石、石英脉、蛇绿岩团块和地层中内生的变砂岩团块
379,,01,0.0,2.9854044914245605,2984.249176220518,2.9842491762205183,109.74297306297913,109.74297306297913,101,101,109,"N2a,K1kz"
380,F48,05,65.0,130.55575561523438,8535.359537031349,8.535359537031349,145.3524290861998,145.3524290861998,101,102,109,碎裂岩、构造角砾岩、糜棱岩和糜棱岩化岩石、片理化岩石、石英脉、蛇绿岩团块和地层中内生的变砂岩团块
384,,01,0.0,10.523853302001953,10519.892275884054,10.519892275884054,74.06866858969383,74.06866858969383,101,101,109,"N2a,K1kz,Qp1X"
387,,01,0.0,1.9715635776519775,1970.9664441963714,1.9709664441963715,104.22091742888927,104.22091742888927,101,101,109,C1w
388,,01,0.0,1.8197681903839111,1819.1401084750755,1.8191401084750756,88.18809293634533,88.18809293634533,101,101,109,"N2a,K1kz"
389,F48,28,0.0,130.55575561523438,12636.374958679497,12.636374958679497,99.84205739618697,99.84205739618697,101,102,109,碎裂岩、构造角砾岩、糜棱岩和糜棱岩化岩石、片理化岩石、石英脉、蛇绿岩团块和地层中内生的变砂岩团块
394,F48,28,0.0,130.55575561523438,12451.831636182664,12.451831636182664,97.4832490143113,97.4832490143113,101,102,109,碎裂岩、构造角砾岩、糜棱岩和糜棱岩化岩石、片理化岩石、石英脉、蛇绿岩团块和地层中内生的变砂岩团块
395,F48,28,0.0,130.55575561523438,8687.721154052786,8.687721154052786,81.25047461926184,81.25047461926184,101,102,109,碎裂岩、构造角砾岩、糜棱岩和糜棱岩化岩石、片理化岩石、石英脉、蛇绿岩团块和地层中内生的变砂岩团块
396,,01,0.0,2.1796956062316895,2178.848213948031,2.178848213948031,113.58411108574205,113.58411108574205,101,101,109,C1w
397,,05,55.0,28.46559715270996,28454.61790951863,28.454617909518632,100.2983255025284,100.2983255025284,101,101,101,"P2q,C2P1t"
400,F48,28,0.0,130.55575561523438,6655.409232942984,6.655409232942984,83.26585977930955,83.26585977930955,101,102,109,碎裂岩、构造角砾岩、糜棱岩和糜棱岩化岩石、片理化岩石、石英脉、蛇绿岩团块和地层中内生的变砂岩团块
402,,01,78.0,3.717939615249634,3716.5796460863203,3.7165796460863203,116.88104317064531,116.88104317064531,101,101,109,"N2a,K2Y,K1kz"
403,F48,28,0.0,130.55575561523438,12113.319827436922,12.113319827436923,89.78538663853901,89.78538663853901,101,102,109,碎裂岩、构造角砾岩、糜棱岩和糜棱岩化岩石、片理化岩石、石英脉、蛇绿岩团块和地层中内生的变砂岩团块
407,,01,0.0,1.0869998931884766,1086.490145865657,1.086490145865657,101.76846658861868,101.76846658861868,101,101,109,"N1p,K2Y"
408,,01,0.0,2.2591910362243652,2258.39349991799,2.25839349991799,87.093302268641,87.093302268641,101,101,109,"N2a,K2Y"
410,,01,0.0,5.914142608642578,5911.8440441486855,5.911844044148686,108.04649195825921,108.04649195825921,101,101,109,"N1p,K1kz,K2Y"
411,,18,0.0,1.3001749515533447,1299.7750054224916,1.2997750054224917,39.766651537623915,39.766651537623915,101,101,104,"C2P1t,P2q"
412,,01,0.0,1.914292335510254,1913.705397212413,1.913705397212413,67.6341170492703,67.6341170492703,101,101,109,"C2P1t,P2q"
416,,01,0.0,14.447304725646973,14441.679865697208,14.441679865697207,97.32897256736442,97.32897256736442,101,101,109,"N1p,K2Y,N2a"
420,,01,0.0,1.2553702592849731,1254.8787824446858,1.2548787824446859,91.19980959920254,91.19980959920254,101,101,109,K1kz
422,,01,0.0,3.3041136264801025,3302.734293300018,3.302734293300018,92.68537194167601,92.68537194167601,101,101,109,"K2Y,C1w"
424,F48,28,0.0,130.55575561523438,3450.3809206107626,3.4503809206107627,38.30776312253501,38.30776312253501,101,102,109,碎裂岩、构造角砾岩、糜棱岩和糜棱岩化岩石、片理化岩石、石英脉、蛇绿岩团块和地层中内生的变砂岩团块
426,,01,68.0,1.5172086954116821,1516.6995078250168,1.5166995078250167,101.4931575360828,101.4931575360828,101,101,109,K1kz
427,,01,50.0,3.341600179672241,3340.3703520692934,3.3403703520692933,111.8165802900755,111.8165802900755,101,101,109,P2q
429,,01,0.0,7.258838653564453,7256.034981737435,7.256034981737435,90.28448272781796,90.28448272781796,101,101,109,P2q
430,,01,0.0,5.6830220222473145,5680.868550753418,5.680868550753418,67.19192494191034,67.19192494191034,101,101,109,P2q
431,,01,0.0,3.338689088821411,3337.467640845978,3.3374676408459782,99.3653986007616,99.3653986007616,101,101,109,P2q
433,,01,0.0,2.6741397380828857,2673.1039739264843,2.673103973926484,121.47481195261078,121.47481195261078,101,101,109,"K1kz,K2Y"
434,F48,28,50.0,130.55575561523438,21264.262794560243,21.264262794560242,86.80302375761428,86.80302375761428,101,102,109,碎裂岩、构造角砾岩、糜棱岩和糜棱岩化岩石、片理化岩石、石英脉、蛇绿岩团块和地层中内生的变砂岩团块
436,,01,0.0,5.508090972900391,5505.871042513155,5.505871042513155,98.02143532529672,98.02143532529672,101,101,109,P2q
443,,01,0.0,2.862125873565674,2861.0086724229627,2.8610086724229626,109.20361788222424,109.20361788222424,101,101,109,"K1kz,J3kz,P2q,γπT3"
445,,01,0.0,9.905503273010254,9901.713596853811,9.901713596853812,95.54199354367005,95.54199354367005,101,101,109,P2q
447,F48,28,0.0,130.55575561523438,4662.590046658167,4.662590046658167,99.46802644021156,99.46802644021156,101,102,109,碎裂岩、构造角砾岩、糜棱岩和糜棱岩化岩石、片理化岩石、石英脉、蛇绿岩团块和地层中内生的变砂岩团块
448,F50,41,0.0,96.42643737792969,5633.201464499582,5.633201464499582,80.78773558000051,80.78773558000051,101,103,109,切割布伦阔勒岩群、志留系、泥盆系、二叠系地层，碎裂岩、构造角砾岩、糜棱岩和糜棱岩化岩石、片理化岩石、石英脉、蛇绿岩团块和地层中内生的变砂岩团块
449,F50,41,0.0,96.42643737792969,44279.25488953583,44.27925488953583,98.05136464417498,98.05136464417498,101,103,109,切割布伦阔勒岩群、志留系、泥盆系、二叠系地层，碎裂岩、构造角砾岩、糜棱岩和糜棱岩化岩石、片理化岩石、石英脉、蛇绿岩团块和地层中内生的变砂岩团块
451,,01,0.0,1.1131768226623535,1112.7398601803761,1.1127398601803762,85.21576101174695,85.21576101174695,101,101,109,"C2P1t,C1w"
452,,04,0.0,4.182085990905762,4180.278135020864,4.180278135020864,95.39171872240672,95.39171872240672,101,101,109,"Qsn,C2P1t,P2q,C1w"
454,,01,0.0,2.315119981765747,2314.2172866579117,2.314217286657912,72.37741931502508,72.37741931502508,101,101,109,"P2q,Qp3pal"
457,,01,0.0,4.066262245178223,4064.5115264968754,4.064511526496875,290.8359492195083,110.83594921950828,101,101,109,"Qsn,P2q"
463,,01,0.0,0.7690255045890808,768.8894452840789,0.7688894452840789,107.76204430939667,107.76204430939667,101,101,109,"P2q,C1w"
464,F50,41,0.0,96.42643737792969,8885.884025741554,8.885884025741554,83.21532604468037,83.21532604468037,101,103,109,切割布伦阔勒岩群、志留系、泥盆系、二叠系地层，碎裂岩、构造角砾岩、糜棱岩和糜棱岩化岩石、片理化岩石、石英脉、蛇绿岩团块和地层中内生的变砂岩团块
465,,01,0.0,1.5368987321853638,1536.2114319557402,1.5362114319557403,94.54209559057244,94.54209559057244,101,101,109,"P2q,C1w"
466,,04,0.0,1.5046197175979614,1504.0302421126003,1.5040302421126002,114.17410136641489,114.17410136641489,101,101,109,Qsn
467,F48,28,0.0,130.55575561523438,5619.283401507111,5.619283401507111,141.37149853110793,141.37149853110793,101,102,109,碎裂岩、构造角砾岩、糜棱岩和糜棱岩化岩石、片理化岩石、石英脉、蛇绿岩团块和地层中内生的变砂岩团块
469,,01,0.0,2.1134872436523438,2112.6563977092533,2.1126563977092534,296.82812473826664,116.82812473826664,101,101,109,"P2q,C1w"
470,,01,0.0,5.35950231552124,5357.458683402747,5.357458683402747,298.4450990596008,118.4450990596008,101,101,109,P2q
471,,01,0.0,7.428942680358887,7426.0587335217715,7.426058733521772,281.7864683713785,101.78646837137848,101,101,109,"P2q,C1w"
472,,01,0.0,1.1166706085205078,1116.2361133478198,1.1162361133478198,281.9547961195845,101.9547961195845,101,101,109,ChSt.
473,,01,0.0,3.8901329040527344,3888.6593786995722,3.8886593786995722,200.11473275291866,20.114732752918655,101,101,109,"K1kz,J3kz,P2q,γπT3"
474,,04,0.0,5.9113850593566895,5909.24777224155,5.9092477722415495,110.77426554468178,110.77426554468178,101,101,109,"ChSt.,Qsn"
476,,01,0.0,11.056203842163086,11051.927585987361,11.051927585987361,180.58657278955255,0.5865727895525481,101,101,109,"K1kz,P2q,C1w,γπT3"
477,,01,0.0,2.758852481842041,2757.8563423290902,2.7578563423290903,90.81297522959741,90.81297522959741,101,101,109,P2q
478,,01,0.0,1.045278549194336,1044.7751075774272,1.0447751075774272,108.93726715330702,108.93726715330702,101,101,109,P2q
479,,01,45.0,3.010310411453247,3008.9673098120056,3.0089673098120056,294.0379646158248,114.03796461582482,101,101,109,"P2q,C1w"
480,,01,0.0,1.6140414476394653,1613.2386946595238,1.6132386946595239,83.84786851726552,83.84786851726552,101,101,109,"K1kz,P2q"
484,,01,78.0,2.487031936645508,2486.056389594031,2.486056389594031,99.28713497454888,99.28713497454888,101,101,109,P2q
485,,04,0.0,46.21815872192383,46200.06229597021,46.200062295970206,97.1010947115923,97.1010947115923,101,102,109,"P2q,Qsn,D2kz"
487,,31,0.0,10.729015350341797,10724.823269160408,10.724823269160408,277.93314119291415,97.93314119291415,101,101,109,"ChSt.,Pt1K."
489,,01,0.0,1.9540716409683228,1953.2030885572024,1.9532030885572023,143.01303480519394,143.01303480519394,101,101,109,P2q
492,,01,46.0,18.656021118164062,18648.788985822746,18.648788985822748,107.32302855715412,107.32302855715412,101,101,109,"P2q,C1w"
493,,01,0.0,3.1075189113616943,3106.30275837484,3.1063027583748397,96.04974467140983,96.04974467140983,101,101,109,P2q
495,F50,04,0.0,96.42643737792969,8175.092007286857,8.175092007286857,103.71485332352003,103.71485332352003,101,103,109,切割布伦阔勒岩群、志留系、泥盆系、二叠系地层，碎裂岩、构造角砾岩、糜棱岩和糜棱岩化岩石、片理化岩石、石英脉、蛇绿岩团块和地层中内生的变砂岩团块
496,,04,0.0,0.8019131422042847,801.7666641395328,0.8017666641395329,107.11105603948047,107.11105603948047,101,101,109,"ChSt.,Qsn"
497,,01,0.0,5.407295227050781,5405.089604926099,5.405089604926099,76.43459812835776,76.43459812835776,101,101,109,ChSt.
499,,01,0.0,0.6537705063819885,653.517862124051,0.653517862124051,104.81711224596661,104.81711224596661,101,101,109,ChSt.
500,,01,0.0,4.550608158111572,4548.823668343939,4.548823668343939,264.903882175972,84.903882175972,101,101,109,"P2q,C1w,γπT3"
504,,04,0.0,0.8225406408309937,822.2219455357113,0.8222219455357113,272.15128088994686,92.15128088994686,101,101,109,Qsn
505,,01,0.0,6.688357353210449,6685.572955790071,6.685572955790072,98.96936086225848,98.96936086225848,101,101,109,ChSt.
516,,31,0.0,42.19500732421875,42178.57696493725,42.17857696493725,285.0253703945524,105.0253703945524,101,101,109,"ChSt.,Qp3pal,Qp3gl,Qhpl"
520,F50,41,0.0,96.42643737792969,1385.8340149137107,1.3858340149137107,101.38584071350178,101.38584071350178,101,103,109,切割布伦阔勒岩群、志留系、泥盆系、二叠系地层，碎裂岩、构造角砾岩、糜棱岩和糜棱岩化岩石、片理化岩石、石英脉、蛇绿岩团块和地层中内生的变砂岩团块
522,F50,04,0.0,96.42643737792969,1922.4641841194384,1.9224641841194383,98.74468431199234,98.74468431199234,101,103,109,切割布伦阔勒岩群、志留系、泥盆系、二叠系地层，碎裂岩、构造角砾岩、糜棱岩和糜棱岩化岩石、片理化岩石、石英脉、蛇绿岩团块和地层中内生的变砂岩团块
524,F50,41,0.0,96.42643737792969,579.0876544365124,0.5790876544365123,103.389094851967,103.389094851967,101,103,109,切割布伦阔勒岩群、志留系、泥盆系、二叠系地层，碎裂岩、构造角砾岩、糜棱岩和糜棱岩化岩石、片理化岩石、石英脉、蛇绿岩团块和地层中内生的变砂岩团块
525,,01,0.0,4.101451873779297,4099.851162539638,4.099851162539638,134.95779484191513,134.95779484191513,101,101,109,ChSt.
526,F50,04,0.0,96.42643737792969,12570.61916672622,12.57061916672622,100.83872940352124,100.83872940352124,101,103,109,切割布伦阔勒岩群、志留系、泥盆系、二叠系地层，碎裂岩、构造角砾岩、糜棱岩和糜棱岩化岩石、片理化岩石、石英脉、蛇绿岩团块和地层中内生的变砂岩团块
537,,07,0.0,11.205543518066406,11201.069163936761,11.201069163936761,213.3570150165579,33.35701501655791,101,101,109,"ChSt.,P2q,Qsn,D2kz"
544,F50,41,0.0,96.42643737792969,893.3000338650377,0.8933000338650376,109.17671801538228,109.17671801538228,101,103,109,切割布伦阔勒岩群、志留系、泥盆系、二叠系地层，碎裂岩、构造角砾岩、糜棱岩和糜棱岩化岩石、片理化岩石、石英脉、蛇绿岩团块和地层中内生的变砂岩团块
550,F50,41,0.0,96.42643737792969,1336.5513906851345,1.3365513906851345,112.03626456117233,112.03626456117233,101,103,109,切割布伦阔勒岩群、志留系、泥盆系、二叠系地层，碎裂岩、构造角砾岩、糜棱岩和糜棱岩化岩石、片理化岩石、石英脉、蛇绿岩团块和地层中内生的变砂岩团块
554,,01,0.0,2.279191493988037,2278.3328010902464,2.2783328010902464,144.305192187232,144.305192187232,101,101,109,ChSt.
555,,05,70.0,5.598857402801514,5596.795320431939,5.596795320431939,127.54803084479626,127.54803084479626,101,101,101,ChSt.
556,,07,0.0,4.19474458694458,4193.112946787718,4.193112946787718,298.8004016768235,118.80040167682353,101,101,109,"ChSt.,P2q"
558,F50,41,0.0,96.42643737792969,823.3977894445413,0.8233977894445413,116.19535739960882,116.19535739960882,101,103,109,切割布伦阔勒岩群、志留系、泥盆系、二叠系地层，碎裂岩、构造角砾岩、糜棱岩和糜棱岩化岩石、片理化岩石、石英脉、蛇绿岩团块和地层中内生的变砂岩团块
561,,01,0.0,5.9145121574401855,5912.214291566345,5.912214291566345,157.15085786959796,157.15085786959796,101,101,109,ChSt.
562,F50,41,0.0,96.42643737792969,729.0952671699869,0.7290952671699868,110.94231557038115,110.94231557038115,101,103,109,切割布伦阔勒岩群、志留系、泥盆系、二叠系地层，碎裂岩、构造角砾岩、糜棱岩和糜棱岩化岩石、片理化岩石、石英脉、蛇绿岩团块和地层中内生的变砂岩团块
564,,05,85.0,10.591279029846191,10586.957514550286,10.586957514550285,108.89982958286741,108.89982958286741,101,101,101,"Pt1K.,ChSt."
565,F50,41,0.0,96.42643737792969,484.9391213019152,0.4849391213019152,110.93751408970158,110.93751408970158,101,103,109,切割布伦阔勒岩群、志留系、泥盆系、二叠系地层，碎裂岩、构造角砾岩、糜棱岩和糜棱岩化岩石、片理化岩石、石英脉、蛇绿岩团块和地层中内生的变砂岩团块
566,F50,04,0.0,96.42643737792969,1305.625484077323,1.3056254840773232,110.81843111804491,110.81843111804491,101,103,109,切割布伦阔勒岩群、志留系、泥盆系、二叠系地层，碎裂岩、构造角砾岩、糜棱岩和糜棱岩化岩石、片理化岩石、石英脉、蛇绿岩团块和地层中内生的变砂岩团块
567,F50,41,0.0,96.42643737792969,803.4728566046847,0.8034728566046847,110.94472236552942,110.94472236552942,101,103,109,切割布伦阔勒岩群、志留系、泥盆系、二叠系地层，碎裂岩、构造角砾岩、糜棱岩和糜棱岩化岩石、片理化岩石、石英脉、蛇绿岩团块和地层中内生的变砂岩团块
568,,04,0.0,1.9794210195541382,1978.5908952102575,1.9785908952102575,137.1761638307841,137.1761638307841,101,102,109,"ChSt.,Qsn,D2kz"
570,F50,41,0.0,96.42643737792969,668.6625330598395,0.6686625330598395,113.73695462768173,113.73695462768173,101,103,109,切割布伦阔勒岩群、志留系、泥盆系、二叠系地层，碎裂岩、构造角砾岩、糜棱岩和糜棱岩化岩石、片理化岩石、石英脉、蛇绿岩团块和地层中内生的变砂岩团块
571,F50,04,0.0,96.42643737792969,1859.4522607347776,1.8594522607347777,113.6086887802349,113.6086887802349,101,103,109,切割布伦阔勒岩群、志留系、泥盆系、二叠系地层，碎裂岩、构造角砾岩、糜棱岩和糜棱岩化岩石、片理化岩石、石英脉、蛇绿岩团块和地层中内生的变砂岩团块
572,,07,0.0,21.874011993408203,21865.521178003153,21.865521178003153,300.369609888214,120.36960988821397,101,101,109,"ChSt.,Qsn,C1w,γοC2,δοC2"
573,F50,41,0.0,96.42643737792969,843.9625173501718,0.8439625173501718,292.39210801186266,112.39210801186266,101,103,109,切割布伦阔勒岩群、志留系、泥盆系、二叠系地层，碎裂岩、构造角砾岩、糜棱岩和糜棱岩化岩石、片理化岩石、石英脉、蛇绿岩团块和地层中内生的变砂岩团块
575,,07,0.0,13.967437744140625,13961.947173727098,13.961947173727097,128.32917456365468,128.32917456365468,101,101,109,"ChSt.,Qsn,D2kz"
576,F50,41,0.0,96.42643737792969,503.883380139171,0.503883380139171,116.2554191592848,116.2554191592848,101,103,109,切割布伦阔勒岩群、志留系、泥盆系、二叠系地层，碎裂岩、构造角砾岩、糜棱岩和糜棱岩化岩石、片理化岩石、石英脉、蛇绿岩团块和地层中内生的变砂岩团块
578,F50,41,0.0,96.42643737792969,1125.9322369008814,1.1259322369008815,300.1069135507507,120.10691355075068,101,103,109,切割布伦阔勒岩群、志留系、泥盆系、二叠系地层，碎裂岩、构造角砾岩、糜棱岩和糜棱岩化岩石、片理化岩石、石英脉、蛇绿岩团块和地层中内生的变砂岩团块
579,,01,0.0,3.864888906478882,3863.4588871766505,3.8634588871766504,117.28918455904166,117.28918455904166,101,101,109,ChSt.
580,,01,0.0,3.2990171909332275,3297.815516470717,3.297815516470717,151.15548344532843,151.15548344532843,101,101,109,"ChSt.,δοP"
582,F50,04,0.0,96.42643737792969,919.2729585302488,0.9192729585302488,310.30420789428416,130.30420789428416,101,103,109,切割布伦阔勒岩群、志留系、泥盆系、二叠系地层，碎裂岩、构造角砾岩、糜棱岩和糜棱岩化岩石、片理化岩石、石英脉、蛇绿岩团块和地层中内生的变砂岩团块
584,,04,0.0,5.365896701812744,5363.712199880598,5.363712199880598,251.75528201360032,71.75528201360032,101,101,109,"ChSt.,D2kz"
586,F50,41,0.0,96.42643737792969,659.7625795942415,0.6597625795942416,135.54258336695295,135.54258336695295,101,103,109,切割布伦阔勒岩群、志留系、泥盆系、二叠系地层，碎裂岩、构造角砾岩、糜棱岩和糜棱岩化岩石、片理化岩石、石英脉、蛇绿岩团块和地层中内生的变砂岩团块
591,,01,0.0,2.222837209701538,2221.88597942814,2.2218859794281403,73.8444229972055,73.8444229972055,101,101,109,"ChSt.,D2kz"
593,,01,0.0,6.611504554748535,6608.915413408303,6.608915413408303,129.05901875765628,129.05901875765628,101,101,109,"D2kz,D3q,Qsn"
595,,04,0.0,10.221748352050781,10217.90663222521,10.21790663222521,124.01104886511794,124.01104886511794,101,101,109,"Qsn,D2kz,D3q"
597,,31,0.0,4.494569301605225,4492.814707967778,4.492814707967779,1.4267029382871774,1.4267029382871774,101,101,109,"Qp3pal,D2kz"
598,,07,0.0,5.710240840911865,5708.039101020449,5.708039101020449,0.002249316217146391,0.002249316217146391,101,101,109,"ChSt.,C1w"
605,,01,0.0,4.2251200675964355,4223.294660094745,4.223294660094745,88.49386063302212,88.49386063302212,101,101,109,ChSt.
606,,07,0.0,3.7539918422698975,3752.561854679613,3.7525618546796133,126.14888087423053,126.14888087423053,101,101,109,"ChSt.,D2kz"
607,,01,0.0,0.7207833528518677,720.43035686934,0.72043035686934,125.38367300096309,125.38367300096309,101,101,109,ChSt.
608,,04,0.0,4.263648986816406,4261.88147781702,4.2618814778170195,149.96035216823276,149.96035216823276,101,101,109,"D2kz,D3q,Qsn"
609,,01,0.0,1.0417648553848267,1041.3572037024987,1.0413572037024987,108.28227022744838,108.28227022744838,101,101,109,ChSt.
611,,01,0.0,1.0379434823989868,1037.4584763257014,1.0374584763257015,114.82901297095682,114.82901297095682,101,101,109,ChSt.
612,,07,26.0,3.948275327682495,3946.6781697102956,3.9466781697102955,112.83703941209882,112.83703941209882,101,101,109,"ChSt.,D2kz"
613,,01,0.0,10.511380195617676,10507.169448326778,10.507169448326778,130.49846599477098,130.49846599477098,101,101,109,ChSt.
615,,01,0.0,5.0819315910339355,5079.860247987825,5.079860247987825,93.55893650485426,93.55893650485426,101,101,109,ChSt.
616,,01,0.0,0.9023491740226746,901.9960834353756,0.9019960834353755,130.35931925246442,130.35931925246442,101,101,109,ChSt.
618,,31,0.0,2.423581838607788,2422.6512538313727,2.422651253831373,354.8090904179893,174.8090904179893,101,101,109,"Qp3pal,D2kz"
619,,04,0.0,3.949958324432373,3948.41674088771,3.94841674088771,129.1217775997493,129.1217775997493,101,101,109,"Qsn,D2kz,D3q"
620,,01,0.0,17.243005752563477,17236.08653976717,17.236086539767168,119.47067530916455,119.47067530916455,101,101,109,ChSt.
621,,07,25.0,0.881479799747467,881.1122725102949,0.8811122725102949,126.08425464913888,126.08425464913888,101,101,109,"ChSt.,D2kz"
622,,01,0.0,2.840463876724243,2839.2724820485364,2.8392724820485364,114.03218054553336,114.03218054553336,101,101,109,→ChSt.
623,,07,0.0,2.927642822265625,2926.5942982981246,2.9265942982981246,140.21405630867858,140.21405630867858,101,101,109,"D2kz,Qp3pal"
625,,01,0.0,7.208539009094238,7205.7938428448815,7.205793842844882,113.33631469626675,113.33631469626675,101,101,109,"ChSt.,ψ1D"
629,,01,0.0,3.3434174060821533,3342.1289229817753,3.342128922981775,140.42553259781226,140.42553259781226,101,101,109,"D2kz,D3q"
630,,01,69.0,2.9784486293792725,2977.2479730785503,2.9772479730785504,316.93961683466335,136.93961683466335,101,101,109,"D3q,D2kz"
631,,01,0.0,7.121031761169434,7118.241335228842,7.118241335228842,95.70668170106396,95.70668170106396,101,101,109,ChSt.
632,,31,0.0,3.1914267539978027,3190.1101761409423,3.190110176140942,334.4056971958115,154.4056971958115,101,101,109,"Pt1K.,D2kz"
634,,04,0.0,1.8766909837722778,1876.0253152053965,1.8760253152053965,133.19074347812395,133.19074347812395,101,101,109,Qsn
635,,05,67.0,14.170504570007324,14164.894332888787,14.164894332888787,99.30524414186,99.30524414186,101,101,101,"D2kz,D3q"
636,,01,0.0,1.3651485443115234,1364.6679484318163,1.3646679484318163,315.4817802845174,135.4817802845174,101,101,109,D3q
637,,04,0.0,1.6893872022628784,1688.6488387039312,1.6886488387039313,127.09561683644016,127.09561683644016,101,101,109,Qsn
