layer,code
LDZOFBB004,→ChA.
LDZOFBB004,→ChA.
LDZOFBB004,→ChA.
LDZOFBB004,→ChA.
LDZOFBB004,→ChA.
LDZOFBB004,→ChA.
LDZOFBB004,→ChA.
LDZOFBB004,→ChA.
LDZOFBB004,→ChSt.
LDZOFBB004,→ChSt.
LDZOFBB004,→ChSt.
LDZOFBB004,→ChSt.
LDZOFBB004,→ChSt.
LDZOFBB004,→ChSt.
LDZOFBB004,→ChSt.
LDZOFBB004,→ChSt.
LDZOFBB004,→ChSt.
LDZOFBB004,→ChSt.
LDZOFBB004,→ChSt.
LDZOFBB004,→ChSt.
LDZOFBB004,→ChSt.
LDZOFBB004,→ChSt.
LDZOFBB004,→ChSt.
LDZOFBB004,→ChSt.
LDZOFBB004,→ChSt.
LDZOFBB004,→ChSt.
LDZOFBB004,→ChSt.
LDZOFBB004,→ChSt.
LDZOFBB004,→ChSt.
LDZOFBB004,→ChSt.
LDZOFBB004,→ChSt.
LDZOFBB004,→ChSt.
LDZOFBB004,→ChSt.
LDZOFBB004,→ChSt.
LDZOFBB004,→ChSt.
LDZOFBB004,→ChSt.
LDZOFBB004,→ChSt.
LDZOFBB004,→Pt↓1→K.
LDZOFBB004,→Pt↓1→K.
LDZOFBB001,→C↓1→y
LDZOFBB001,→C↓1→y
LDZOFBB001,→C↓1→y
LDZOFBB001,→C↓1→y
LDZOFBB001,→C↓2→P↓1→t
LDZOFBB001,→C↓2→P↓1→t
LDZOFBB001,→C↓2→ak
LDZOFBB001,→C↓2→ak
LDZOFBB001,→C↓2→ak
LDZOFBB001,→C↓2→ak
LDZOFBB001,→C↓2→ak
LDZOFBB001,→C↓2→ak
LDZOFBB001,→C↓2→kk
LDZOFBB001,→C↓2→kk
LDZOFBB001,→C↓2→kk
LDZOFBB001,→C↓2→kk
LDZOFBB001,→C↓2→kk
LDZOFBB001,→C↓2→kk
LDZOFBB001,→C↓2→kk
LDZOFBB001,→C↓2→kk
LDZOFBB001,→D↓1→s
LDZOFBB001,→D↓1→s
LDZOFBB001,→D↓1→s
LDZOFBB001,→D↓1→s
LDZOFBB001,→D↓1→s
LDZOFBB001,→D↓1→s
LDZOFBB001,→D↓1→s
LDZOFBB001,→D↓1→s
LDZOFBB001,→D↓1→s
LDZOFBB001,→D↓1→s
LDZOFBB001,→D↓2→kz
LDZOFBB001,→D↓2→kz
LDZOFBB001,→D↓2→kz
LDZOFBB001,→D↓2→kz
LDZOFBB001,→D↓2→kz
LDZOFBB001,→D↓2→kz
LDZOFBB001,→D↓2→kz
LDZOFBB001,→D↓2→kz
LDZOFBB001,→D↓2→kz
LDZOFBB001,→D↓2→kz
LDZOFBB001,→D↓2→kz
LDZOFBB001,→D↓2→kz
LDZOFBB001,→D↓2→kz
LDZOFBB001,→D↓2→kz
LDZOFBB001,→D↓2→kz
LDZOFBB001,→D↓2→kz
LDZOFBB001,→D↓2→kz
LDZOFBB001,→D↓2→kz
LDZOFBB001,→D↓2→kz
LDZOFBB001,→D↓2→kz
LDZOFBB001,→D↓2→kz
LDZOFBB001,→D↓2→kz
LDZOFBB001,→D↓2→kz
LDZOFBB001,→D↓2→kz
LDZOFBB001,→D↓2→kz
LDZOFBB001,→D↓2→kz
LDZOFBB001,→D↓2→kz
LDZOFBB001,→D↓2→kz
LDZOFBB001,→D↓2→kz
LDZOFBB001,→D↓2→kz
LDZOFBB001,→D↓2→kz
LDZOFBB001,→D↓2→kz
LDZOFBB001,→D↓2→kz
LDZOFBB001,→D↓2→kz
LDZOFBB001,→D↓2→kz
LDZOFBB001,→D↓2→kz
LDZOFBB001,→D↓2→kz
LDZOFBB001,→D↓2→kz
LDZOFBB001,→D↓2→kz
LDZOFBB001,→D↓2→t
LDZOFBB001,→D↓2→t
LDZOFBB001,→D↓2→t
LDZOFBB001,→D↓2→t
LDZOFBB001,→D↓2→t
LDZOFBB001,→D↓2→t
LDZOFBB001,→D↓2→t
LDZOFBB001,→D↓2→t
LDZOFBB001,→D↓2→t
LDZOFBB001,→D↓2→t
LDZOFBB001,→D↓2→t
LDZOFBB001,→D↓2→t
LDZOFBB001,→D↓2→t
LDZOFBB001,→D↓2→t
LDZOFBB001,→D↓2→t
LDZOFBB001,→D↓2→t
LDZOFBB001,→D↓2→t
LDZOFBB001,→D↓2→t
LDZOFBB001,→D↓2→t
LDZOFBB001,→D↓3→kz↑1
LDZOFBB001,→D↓3→kz↑1
LDZOFBB001,→D↓3→kz↑1
LDZOFBB001,→D↓3→kz↑1
LDZOFBB001,→D↓3→kz↑2
LDZOFBB001,→D↓3→kz↑2
LDZOFBB001,→D↓3→kz↑2
LDZOFBB001,→D↓3→kz↑2
LDZOFBB001,→D↓3→kz↑2
LDZOFBB001,→D↓3→kz↑2
LDZOFBB001,→D↓3→kz↑2
LDZOFBB001,→D↓3→kz↑3
LDZOFBB001,→D↓3→kz↑3
LDZOFBB001,→D↓3→kz↑3
LDZOFBB001,→D↓3→kz↑3
LDZOFBB001,→D↓3→kz↑3
LDZOFBB001,→D↓3→kz↑3
LDZOFBB001,→D↓3→kz↑3
LDZOFBB001,→D↓3→kz↑3
LDZOFBB001,→D↓3→q
LDZOFBB001,→D↓3→q
LDZOFBB001,→D↓3→q
LDZOFBB001,→D↓3→q
LDZOFBB001,→D↓3→q
LDZOFBB001,→D↓3→q
LDZOFBB001,→EK
LDZOFBB001,→EK
LDZOFBB001,→EK
LDZOFBB001,→EK
LDZOFBB001,→EK
LDZOFBB001,→EK
LDZOFBB001,→EK
LDZOFBB001,→EK
LDZOFBB001,→EK
LDZOFBB001,→EK
LDZOFBB001,→EK
LDZOFBB001,→EK
LDZOFBB001,→EK
LDZOFBB001,→EK
LDZOFBB001,→EK
LDZOFBB001,→EK
LDZOFBB001,→EK
LDZOFBB001,→EK
LDZOFBB001,→EK
LDZOFBB001,→EK
LDZOFBB001,→EK
LDZOFBB001,→EK
LDZOFBB001,→EK
LDZOFBB001,→EK
LDZOFBB001,→EK
LDZOFBB001,→EK
LDZOFBB001,→EK
LDZOFBB001,→EK
LDZOFBB001,→EK
LDZOFBB001,→EK
LDZOFBB001,→EK
LDZOFBB001,→EK
LDZOFBB001,→EK
LDZOFBB001,→EK
LDZOFBB001,→EK
LDZOFBB001,→EK
LDZOFBB001,→EK
LDZOFBB001,→EK
LDZOFBB001,→EK
LDZOFBB001,→EK
LDZOFBB001,→EK
LDZOFBB001,→EK
LDZOFBB001,→J↓1→k
LDZOFBB001,→J↓1→k
LDZOFBB001,→J↓1→k
LDZOFBB001,→J↓1→k
LDZOFBB001,→J↓1→k
LDZOFBB001,→J↓1→k
LDZOFBB001,→J↓1→k
LDZOFBB001,→J↓1→k
LDZOFBB001,→J↓1→k
LDZOFBB001,→J↓1→k
LDZOFBB001,→J↓1→k
LDZOFBB001,→J↓1→k
LDZOFBB001,→J↓1→sh
LDZOFBB001,→J↓1→sh
LDZOFBB001,→J↓1→sh
LDZOFBB001,→J↓1→sh
LDZOFBB001,→J↓1→sh
LDZOFBB001,→J↓1→sh
LDZOFBB001,→J↓1→sh
LDZOFBB001,→J↓1→sh
LDZOFBB001,→J↓1→sh
LDZOFBB001,→J↓1→sh
LDZOFBB001,→J↓1→sh
LDZOFBB001,→J↓1→sh
LDZOFBB001,→J↓1→sh
LDZOFBB001,→J↓1→sh
LDZOFBB001,→J↓1→sh
LDZOFBB001,→J↓1→sh
LDZOFBB001,→J↓1→sh
LDZOFBB001,→J↓2→t
LDZOFBB001,→J↓2→t
LDZOFBB001,→J↓2→y
LDZOFBB001,→J↓2→y
LDZOFBB001,→J↓2→y
LDZOFBB001,→J↓2→y
LDZOFBB001,→J↓2→y
LDZOFBB001,→J↓2→y
LDZOFBB001,→J↓2→y
LDZOFBB001,→J↓3→kz
LDZOFBB001,→J↓3→kz
LDZOFBB001,→J↓3→kz
LDZOFBB001,→J↓3→kz
LDZOFBB001,→J↓3→kz
LDZOFBB001,→J↓3→kz
LDZOFBB001,→J↓3→kz
LDZOFBB001,→K↓1→kz
LDZOFBB001,→K↓1→kz
LDZOFBB001,→K↓1→kz
LDZOFBB001,→K↓1→kz
LDZOFBB001,→K↓1→kz
LDZOFBB001,→K↓1→kz
LDZOFBB001,→K↓1→kz
LDZOFBB001,→K↓1→kz
LDZOFBB001,→K↓1→kz
LDZOFBB001,→K↓1→kz
LDZOFBB001,→K↓1→kz
LDZOFBB001,→K↓1→kz
LDZOFBB001,→K↓1→kz
LDZOFBB001,→K↓1→kz
LDZOFBB001,→K↓1→kz
LDZOFBB001,→K↓1→kz
LDZOFBB001,→K↓1→kz
LDZOFBB001,→K↓1→kz
LDZOFBB001,→K↓1→kz
LDZOFBB001,→K↓1→kz
LDZOFBB001,→K↓1→kz
LDZOFBB001,→K↓1→kz
LDZOFBB001,→K↓1→kz
LDZOFBB001,→K↓1→kz
LDZOFBB001,→K↓1→kz
LDZOFBB001,→K↓1→kz
LDZOFBB001,→K↓1→kz
LDZOFBB001,→K↓1→kz
LDZOFBB001,→K↓1→kz
LDZOFBB001,→K↓1→kz
LDZOFBB001,→K↓1→kz
LDZOFBB001,→K↓1→kz
LDZOFBB001,→K↓1→kz
LDZOFBB001,→K↓1→kz
LDZOFBB001,→K↓1→kz
LDZOFBB001,→K↓1→kz
LDZOFBB001,→K↓1→kz
LDZOFBB001,→K↓1→kz
LDZOFBB001,→K↓1→kz
LDZOFBB001,→K↓1→kz
LDZOFBB001,→K↓1→kz
LDZOFBB001,→K↓2→Y
LDZOFBB001,→K↓2→Y
LDZOFBB001,→K↓2→Y
LDZOFBB001,→K↓2→Y
LDZOFBB001,→K↓2→Y
LDZOFBB001,→K↓2→Y
LDZOFBB001,→K↓2→Y
LDZOFBB001,→K↓2→Y
LDZOFBB001,→K↓2→Y
LDZOFBB001,→K↓2→Y
LDZOFBB001,→K↓2→Y
LDZOFBB001,→K↓2→Y
LDZOFBB001,→K↓2→Y
LDZOFBB001,→K↓2→Y
LDZOFBB001,→K↓2→Y
LDZOFBB001,→K↓2→Y
LDZOFBB001,→K↓2→Y
LDZOFBB001,→K↓2→Y
LDZOFBB001,→K↓2→Y
LDZOFBB001,→K↓2→Y
LDZOFBB001,→K↓2→Y
LDZOFBB001,→K↓2→Y
LDZOFBB001,→K↓2→Y
LDZOFBB001,→K↓2→Y
LDZOFBB001,→K↓2→Y
LDZOFBB001,→K↓2→Y
LDZOFBB001,→K↓2→Y
LDZOFBB001,→K↓2→Y
LDZOFBB001,→K↓2→Y
LDZOFBB001,→K↓2→Y
LDZOFBB001,→K↓2→Y
LDZOFBB001,→K↓2→Y
LDZOFBB001,→K↓2→Y
LDZOFBB001,→N↓1→a
LDZOFBB001,→N↓1→a
LDZOFBB001,→N↓1→a
LDZOFBB001,→N↓1→a
LDZOFBB001,→N↓1→a
LDZOFBB001,→N↓1→a
LDZOFBB001,→N↓1→a
LDZOFBB001,→N↓1→a
LDZOFBB001,→N↓1→a
LDZOFBB001,→N↓1→a
LDZOFBB001,→N↓1→a
LDZOFBB001,→N↓1→a
LDZOFBB001,→N↓1→a
LDZOFBB001,→N↓1→a
LDZOFBB001,→N↓1→a
LDZOFBB001,→N↓1→a
LDZOFBB001,→N↓1→a
LDZOFBB001,→N↓1→a
LDZOFBB001,→N↓1→a
LDZOFBB001,→N↓1→a
LDZOFBB001,→N↓1→a
LDZOFBB001,→N↓1→a
LDZOFBB001,→N↓1→a
LDZOFBB001,→N↓1→a
LDZOFBB001,→N↓1→a
LDZOFBB001,→N↓1→a
LDZOFBB001,→N↓1→a
LDZOFBB001,→N↓1→a
LDZOFBB001,→N↓1→k
LDZOFBB001,→N↓1→k
LDZOFBB001,→N↓1→k
LDZOFBB001,→N↓1→k
LDZOFBB001,→N↓1→k
LDZOFBB001,→N↓1→k
LDZOFBB001,→N↓1→k
LDZOFBB001,→N↓1→k
LDZOFBB001,→N↓1→k
LDZOFBB001,→N↓1→k
LDZOFBB001,→N↓1→k
LDZOFBB001,→N↓1→k
LDZOFBB001,→N↓1→k
LDZOFBB001,→N↓1→k
LDZOFBB001,→N↓1→k
LDZOFBB001,→N↓1→k
LDZOFBB001,→N↓1→k
LDZOFBB001,→N↓1→k
LDZOFBB001,→N↓1→k
LDZOFBB001,→N↓1→k
LDZOFBB001,→N↓1→k
LDZOFBB001,→N↓1→k
LDZOFBB001,→N↓1→k
LDZOFBB001,→N↓1→k
LDZOFBB001,→N↓1→k
LDZOFBB001,→N↓1→k
LDZOFBB001,→N↓1→k
LDZOFBB001,→N↓1→k
LDZOFBB001,→N↓1→k
LDZOFBB001,→N↓1→k
LDZOFBB001,→N↓1→k
LDZOFBB001,→N↓1→k
LDZOFBB001,→N↓1→k
LDZOFBB001,→N↓1→k
LDZOFBB001,→N↓1→k
LDZOFBB001,→N↓1→k
LDZOFBB001,→N↓1→k
LDZOFBB001,→N↓1→k
LDZOFBB001,→N↓1→k
LDZOFBB001,→N↓1→k
LDZOFBB001,→N↓1→k
LDZOFBB001,→N↓1→k
LDZOFBB001,→N↓1→p
LDZOFBB001,→N↓1→p
LDZOFBB001,→N↓1→p
LDZOFBB001,→N↓1→p
LDZOFBB001,→N↓1→p
LDZOFBB001,→N↓1→p
LDZOFBB001,→N↓1→p
LDZOFBB001,→N↓1→p
LDZOFBB001,→N↓1→p
LDZOFBB001,→N↓1→p
LDZOFBB001,→N↓1→p
LDZOFBB001,→N↓1→p
LDZOFBB001,→N↓1→p
LDZOFBB001,→N↓1→p
LDZOFBB001,→N↓1→p
LDZOFBB001,→N↓1→p
LDZOFBB001,→N↓1→p
LDZOFBB001,→N↓1→p
LDZOFBB001,→N↓1→p
LDZOFBB001,→N↓1→p
LDZOFBB001,→N↓1→p
LDZOFBB001,→N↓1→p
LDZOFBB001,→N↓1→p
LDZOFBB001,→N↓1→p
LDZOFBB001,→N↓1→p
LDZOFBB001,→N↓2→a
LDZOFBB001,→N↓2→a
LDZOFBB001,→N↓2→a
LDZOFBB001,→N↓2→a
LDZOFBB001,→N↓2→a
LDZOFBB001,→N↓2→a
LDZOFBB001,→N↓2→a
LDZOFBB001,→N↓2→a
LDZOFBB001,→N↓2→a
LDZOFBB001,→N↓2→a
LDZOFBB001,→N↓2→a
LDZOFBB001,→N↓2→a
LDZOFBB001,→N↓2→a
LDZOFBB001,→N↓2→a
LDZOFBB001,→N↓2→a
LDZOFBB001,→N↓2→a
LDZOFBB001,→N↓2→a
LDZOFBB001,→N↓2→a
LDZOFBB001,→P↓2→q
LDZOFBB001,→P↓2→q
LDZOFBB001,→P↓2→q
LDZOFBB001,→P↓2→q
LDZOFBB001,→P↓2→q
LDZOFBB001,→P↓2→q
LDZOFBB001,→P↓2→q
LDZOFBB001,→P↓2→q
LDZOFBB001,→P↓2→q
LDZOFBB001,→P↓2→q
LDZOFBB001,→P↓2→q
LDZOFBB001,→P↓2→q
LDZOFBB001,→P↓2→q
LDZOFBB001,→P↓2→q
LDZOFBB001,→P↓2→q
LDZOFBB001,→P↓2→q
LDZOFBB001,→P↓2→q
LDZOFBB001,→P↓2→q
LDZOFBB001,→P↓2→q
LDZOFBB001,→P↓2→q
LDZOFBB001,→P↓2→q
LDZOFBB001,→P↓2→q
LDZOFBB001,→P↓2→q
LDZOFBB001,→P↓2→q
LDZOFBB001,→P↓2→q
LDZOFBB001,→P↓2→q
LDZOFBB001,→P↓2→q
LDZOFBB001,→P↓2→q
LDZOFBB001,→P↓2→q
LDZOFBB001,→P↓2→q
LDZOFBB001,→P↓2→q
LDZOFBB001,→P↓2→q
LDZOFBB001,→P↓2→q
LDZOFBB001,→P↓2→q
LDZOFBB001,→P↓2→q
LDZOFBB001,→Qh↑al
LDZOFBB001,→Qh↑al
LDZOFBB001,→Qh↑al
LDZOFBB001,→Qh↑al
LDZOFBB001,→Qh↑al
LDZOFBB001,→Qh↑fl
LDZOFBB001,→Qh↑gl
LDZOFBB001,→Qh↑gl
LDZOFBB001,→Qh↑gl
LDZOFBB001,→Qh↑gl
LDZOFBB001,→Qh↑pal
LDZOFBB001,→Qh↑pal
LDZOFBB001,→Qh↑pal
LDZOFBB001,→Qh↑pal
LDZOFBB001,→Qh↑pal
LDZOFBB001,→Qh↑pal
LDZOFBB001,→Qh↑pal
LDZOFBB001,→Qh↑pal
LDZOFBB001,→Qh↑pal
LDZOFBB001,→Qh↑pal
LDZOFBB001,→Qh↑pal
LDZOFBB001,→Qh↑pl
LDZOFBB001,→Qh↑pl
LDZOFBB001,→Qh↑pl
LDZOFBB001,→Qh↑pl
LDZOFBB001,→Qh↑pl
LDZOFBB001,→Qh↑pl
LDZOFBB001,→Qh↑pl
LDZOFBB001,→Qh↑pl
LDZOFBB001,→Qh↑pl
LDZOFBB001,→Qh↑pl
LDZOFBB001,→Qh↑pl
LDZOFBB001,→Qh↑pl
LDZOFBB001,→Qh↑vl→-Qh↑ch
LDZOFBB001,→Qh↑vl→-Qh↑ch
LDZOFBB001,→Qh↑vl→-Qh↑ch
LDZOFBB001,→Qh↑vl→-Qh↑ch
LDZOFBB001,→Qh↑vl→-Qh↑ch
LDZOFBB001,→Qh↑vl→-Qh↑ch
LDZOFBB001,→Qp↓1→X
LDZOFBB001,→Qp↓1→X
LDZOFBB001,→Qp↓1→X
LDZOFBB001,→Qp↓1→X
LDZOFBB001,→Qp↓1→X
LDZOFBB001,→Qp↓1→X
LDZOFBB001,→Qp↓1→X
LDZOFBB001,→Qp↓1→X
LDZOFBB001,→Qp↓1→X
LDZOFBB001,→Qp↓1→X
LDZOFBB001,→Qp↓1→X
LDZOFBB001,→Qp↓1→X
LDZOFBB001,→Qp↓1→X
LDZOFBB001,→Qp↓1→X
LDZOFBB001,→Qp↓1→X
LDZOFBB001,→Qp↓1→X
LDZOFBB001,→Qp↓1→X
LDZOFBB001,→Qp↓1→X
LDZOFBB001,→Qp↓1→X
LDZOFBB001,→Qp↓1→X
LDZOFBB001,→Qp↓1→X
LDZOFBB001,→Qp↓1→X
LDZOFBB001,→Qp↓1→X
LDZOFBB001,→Qp↓1→X
LDZOFBB001,→Qp↓1→X
LDZOFBB001,→Qp↓2↑l
LDZOFBB001,→Qp↓2↑l
LDZOFBB001,→Qp↓2↑l
LDZOFBB001,→Qp↓2↑l
LDZOFBB001,→Qp↓2↑l
LDZOFBB001,→Qp↓2↑l
LDZOFBB001,→Qp↓2→W
LDZOFBB001,→Qp↓2→W
LDZOFBB001,→Qp↓2→W
LDZOFBB001,→Qp↓2→W
LDZOFBB001,→Qp↓2→W
LDZOFBB001,→Qp↓2→W
LDZOFBB001,→Qp↓3↑gfl
LDZOFBB001,→Qp↓3↑gfl
LDZOFBB001,→Qp↓3↑gfl
LDZOFBB001,→Qp↓3↑gfl
LDZOFBB001,→Qp↓3↑gfl
LDZOFBB001,→Qp↓3↑gfl
LDZOFBB001,→Qp↓3↑gl
LDZOFBB001,→Qp↓3↑gl
LDZOFBB001,→Qp↓3↑gl
LDZOFBB001,→Qp↓3↑gl
LDZOFBB001,→Qp↓3↑gl
LDZOFBB001,→Qp↓3↑gl
LDZOFBB001,→Qp↓3↑gl
LDZOFBB001,→Qp↓3↑gl
LDZOFBB001,→Qp↓3↑gl
LDZOFBB001,→Qp↓3↑gl
LDZOFBB001,→Qp↓3↑pal
LDZOFBB001,→Qp↓3↑pal
LDZOFBB001,→Qp↓3↑pal
LDZOFBB001,→Qp↓3↑pal
LDZOFBB001,→Qp↓3↑pal
LDZOFBB001,→Qp↓3↑pal
LDZOFBB001,→Qp↓3↑pal
LDZOFBB001,→Qp↓3↑pal
LDZOFBB001,→Qp↓3↑pal
LDZOFBB001,→Qp↓3↑pal
LDZOFBB001,→Qp↓3↑pal
LDZOFBB001,→Qp↓3↑pal
LDZOFBB001,→Qp↓3↑pal
LDZOFBB001,→Qp↓3↑pal
LDZOFBB001,→Qp↓3↑pal
LDZOFBB001,→Qp↓3↑pal
LDZOFBB001,→Qp↓3↑pal
LDZOFBB001,→Qp↓3↑pal
LDZOFBB001,→Qp↓3↑pal
LDZOFBB001,→Qp↓3↑pal
LDZOFBB001,→Qp↓3↑pal
LDZOFBB001,→Qp↓3↑pal
LDZOFBB001,→Qp↓3↑pal
LDZOFBB001,→Qp↓3↑pal
LDZOFBB001,→Qp↓3↑pal
LDZOFBB001,→Qp↓3↑pal
LDZOFBB001,→Qp↓3↑pal
LDZOFBB001,→Qp↓3↑pal
LDZOFBB001,→Qp↓3↑pal
LDZOFBB001,→Qp↓3↑pal
LDZOFBB001,→Qp↓3↑pal
LDZOFBB001,→Qp↓3↑pal
LDZOFBB001,→Qp↓3↑pal
LDZOFBB001,→Qp↓3↑pal
LDZOFBB001,→Qp↓3↑pal
LDZOFBB001,→Qp↓3↑pal
LDZOFBB001,→Qp↓3↑pal
LDZOFBB001,→Qp↓3↑pal
LDZOFBB001,→Qp↓3↑pal
LDZOFBB001,→Qp↓3↑pal
LDZOFBB001,→Qp↓3↑pal
LDZOFBB001,→Qp↓3↑pal
LDZOFBB001,→Qp↓3↑pal
LDZOFBB001,→Qp↓3↑pal
LDZOFBB001,→Qp↓3↑pal
LDZOFBB001,→Qp↓3↑pal
LDZOFBB001,→Qp↓3↑pal
LDZOFBB001,→Qp↓3↑pal
LDZOFBB001,→Qp↓3↑pal
LDZOFBB001,→Qp↓3↑pal
LDZOFBB001,→Qp↓3↑pal
LDZOFBB001,→Qp↓3↑pal
LDZOFBB001,→Qp↓3↑pal
LDZOFBB001,→Qp↓3↑pal
LDZOFBB001,→Qp↓3↑pal
LDZOFBB001,→Qp↓3↑pal
LDZOFBB001,→Qp↓3↑pal
LDZOFBB001,→Qp↓3↑pal
LDZOFBB001,→Qp↓3↑pal
LDZOFBB001,→Qp↓3↑pal
LDZOFBB001,→Qp↓3↑pal
LDZOFBB001,→S↓3-4→t
LDZOFBB001,→S↓3-4→t
LDZOFBB001,→S↓3-4→t
LDZOFBB001,→S↓3-4→t
LDZOFBB001,→S↓3-4→t
LDZOFBB001,→S↓3-4→t
LDZOFBB001,→T↓3→t
LDZOFBB001,→T↓3→t
LDZOFBB001,→T↓3→t
LDZOFBB001,→T↓3→t
LDZOFBB001,→T↓3→t
LDZOFBB001,→T↓3→t
LDZOFBB002,→C↓1→w
LDZOFBB002,→C↓1→w
LDZOFBB002,→C↓1→w
LDZOFBB002,→C↓1→w
LDZOFBB002,→C↓1→w
LDZOFBB002,→C↓1→w
LDZOFBB002,→C↓1→w
LDZOFBB002,→C↓1→w
LDZOFBB002,→C↓1→w
LDZOFBB002,→C↓1→w
LDZOFBB002,→C↓1→w
LDZOFBB002,→C↓1→w
LDZOFBB002,→C↓1→w
LDZOFBB003,→βμ
LDZOFBB003,→γδT↓1
LDZOFBB003,→γδT↓1
LDZOFBB003,→γδT↓1
LDZOFBB003,→γδT↓1
LDZOFBB003,→γδT↓1
LDZOFBB003,→γδT↓1
LDZOFBB003,→γοC↓2
LDZOFBB003,→γοC↓2
LDZOFBB003,→γοC↓2
LDZOFBB003,→γοC↓2
LDZOFBB003,→γοC↓2
LDZOFBB003,→γοC↓2
LDZOFBB003,→γοC↓2
LDZOFBB003,→γοC↓2
LDZOFBB003,→γοC↓2
LDZOFBB003,→γοC↓2
LDZOFBB003,→γοC↓2
LDZOFBB003,→γοC↓2
LDZOFBB003,→γπT↓3
LDZOFBB003,→γπT↓3
LDZOFBB003,→γπT↓3
LDZOFBB003,→γπT↓3
LDZOFBB003,→γπT↓3
LDZOFBB003,→γρ
LDZOFBB003,→δ
LDZOFBB003,→δ
LDZOFBB003,→δ
LDZOFBB003,→δT↓1
LDZOFBB003,→δοC↓2
LDZOFBB003,→δοP
LDZOFBB003,→δοP
LDZOFBB003,→δοP
LDZOFBB003,→δοP
LDZOFBB003,→δοP
LDZOFBB003,→δοP
LDZOFBB003,→δοP
LDZOFBB003,→δοP
LDZOFBB003,→δοP
LDZOFBB003,→δοP
LDZOFBB003,→δοP
LDZOFBB003,→ηγP
LDZOFBB003,→ηγP
LDZOFBB003,→ηγP
LDZOFBB003,→ηγT↓2
LDZOFBB003,→ηγT↓2
LDZOFBB003,→ηγT↓2
LDZOFBB003,→νD
LDZOFBB003,→οφD↓1
LDZOFBB003,→οφD↓1
LDZOFBB003,→οφD↓1
LDZOFBB003,→τα
LDZOFBB003,→τα
LDZOFBB003,→υ
LDZOFBB003,→υ
LDZOFBB003,→υ
