page,row,table,image,swatch_path,needs_review,code,name,pattern_type,verified,hatch_char,tile_path,tile_size,details
22,0,表5,page22_row000.png,data\pattern_swatches\raw\page22_row000.png,False,,,symbol_tiled,no,,data\patterns\page22_row000_tile32.png,32,"{""std"": 37.20916158015602, ""dominant_angle"": 87.0, ""energy_ratio"": 1.428779669987548, ""num_components"": 224, ""median_component_size"": 2.0, ""density"": 0.4716928640979274}"
22,1,表5,page22_row001.png,data\pattern_swatches\raw\page22_row001.png,False,,,symbol_tiled,no,,data\patterns\page22_row001_tile32.png,32,"{""std"": 24.356891051483757, ""dominant_angle"": 87.0, ""energy_ratio"": 1.5823516103092095, ""num_components"": 25, ""median_component_size"": 14.0, ""density"": 0.270552232577549}"
22,2,表5,page22_row002.png,data\pattern_swatches\raw\page22_row002.png,False,,,symbol_tiled,no,,data\patterns\page22_row002_tile32.png,32,"{""std"": 27.668890100258547, ""dominant_angle"": 87.0, ""energy_ratio"": 1.5413028604237289, ""num_components"": 83, ""median_component_size"": 2.0, ""density"": 0.2656836834052024}"
22,3,表5,page22_row003.png,data\pattern_swatches\raw\page22_row003.png,False,,,symbol_tiled,no,,data\patterns\page22_row003_tile32.png,32,"{""std"": 26.18356731022281, ""dominant_angle"": 1.0, ""energy_ratio"": 1.2545342175859437, ""num_components"": 80, ""median_component_size"": 4.0, ""density"": 0.22335164835164836}"
22,4,表5,page22_row004.png,data\pattern_swatches\raw\page22_row004.png,False,,,symbol_tiled,no,,data\patterns\page22_row004_tile32.png,32,"{""std"": 29.94802901091266, ""dominant_angle"": 87.0, ""energy_ratio"": 1.5043700645135034, ""num_components"": 17, ""median_component_size"": 8.0, ""density"": 0.35178745305327586}"
22,5,表5,page22_row005.png,data\pattern_swatches\raw\page22_row005.png,False,,,symbol_tiled,no,,data\patterns\page22_row005_tile32.png,32,"{""std"": 37.87357501953433, ""dominant_angle"": 87.0, ""energy_ratio"": 1.4086668125622677, ""num_components"": 73, ""median_component_size"": 2.0, ""density"": 0.25535714285714284}"
22,6,表5,page22_row006.png,data\pattern_swatches\raw\page22_row006.png,False,,,symbol_tiled,no,,data\patterns\page22_row006_tile32.png,32,"{""std"": 38.26416328670038, ""dominant_angle"": 82.0, ""energy_ratio"": 1.5607613290285212, ""num_components"": 12, ""median_component_size"": 6.0, ""density"": 0.08447802197802198}"
22,7,表5,page22_row007.png,data\pattern_swatches\raw\page22_row007.png,False,,,symbol_tiled,no,,data\patterns\page22_row007_tile32.png,32,"{""std"": 39.13552712892341, ""dominant_angle"": 85.0, ""energy_ratio"": 1.3390072851249286, ""num_components"": 35, ""median_component_size"": 2.0, ""density"": 0.2405637840420449}"
22,8,表5,page22_row008.png,data\pattern_swatches\raw\page22_row008.png,False,,,symbol_tiled,no,,data\patterns\page22_row008_tile32.png,32,"{""std"": 28.738411419333797, ""dominant_angle"": 84.0, ""energy_ratio"": 1.3827485147534013, ""num_components"": 121, ""median_component_size"": 3.0, ""density"": 0.3440934065934066}"
22,9,表5,page22_row009.png,data\pattern_swatches\raw\page22_row009.png,False,,,symbol_tiled,no,,data\patterns\page22_row009_tile32.png,32,"{""std"": 17.888115361622056, ""dominant_angle"": 1.0, ""energy_ratio"": 1.3161410087227727, ""num_components"": 17, ""median_component_size"": 7.0, ""density"": 0.4393491124260355}"
22,10,表5,page22_row010.png,data\pattern_swatches\raw\page22_row010.png,False,,,symbol_tiled,no,,data\patterns\page22_row010_tile32.png,32,"{""std"": 18.027601215690613, ""dominant_angle"": 1.0, ""energy_ratio"": 1.3216643567393327, ""num_components"": 33, ""median_component_size"": 6.0, ""density"": 0.4818258664412511}"
22,11,表5,page22_row011.png,data\pattern_swatches\raw\page22_row011.png,False,,,symbol_tiled,no,,data\patterns\page22_row011_tile32.png,32,"{""std"": 20.26820782151163, ""dominant_angle"": 1.0, ""energy_ratio"": 1.2897604686956585, ""num_components"": 128, ""median_component_size"": 2.0, ""density"": 0.4065934065934066}"
31,0,表13/表14/表15,page31_row000.png,data\pattern_swatches\raw\page31_row000.png,False,,,symbol_tiled,no,,data\patterns\page31_row000_tile32.png,32,"{""std"": 31.951255366413502, ""dominant_angle"": 177.0, ""energy_ratio"": 1.2787236401358657, ""num_components"": 182, ""median_component_size"": 2.0, ""density"": 0.17209605361131794}"
31,1,表13/表14/表15,page31_row001.png,data\pattern_swatches\raw\page31_row001.png,False,,,symbol_tiled,no,,data\patterns\page31_row001_tile32.png,32,"{""std"": 31.229873109815394, ""dominant_angle"": 1.0, ""energy_ratio"": 1.2759930458251547, ""num_components"": 191, ""median_component_size"": 2.0, ""density"": 0.16786113179448994}"
31,2,表13/表14/表15,page31_row002.png,data\pattern_swatches\raw\page31_row002.png,False,,,symbol_tiled,no,,data\patterns\page31_row002_tile32.png,32,"{""std"": 31.058130551404638, ""dominant_angle"": 1.0, ""energy_ratio"": 1.271885247252083, ""num_components"": 261, ""median_component_size"": 2.0, ""density"": 0.16242458521870287}"
31,3,表13/表14/表15,page31_row003.png,data\pattern_swatches\raw\page31_row003.png,False,,,symbol_tiled,no,,data\patterns\page31_row003_tile32.png,32,"{""std"": 40.03191836278896, ""dominant_angle"": 1.0, ""energy_ratio"": 1.283071217044352, ""num_components"": 337, ""median_component_size"": 2.0, ""density"": 0.24739389426656738}"
31,4,表13/表14/表15,page31_row004.png,data\pattern_swatches\raw\page31_row004.png,False,,,image,no,,data\patterns\page31_row004_tile32.png,32,"{""std"": 47.35831500799362, ""dominant_angle"": 87.0, ""energy_ratio"": 1.3796245085110885, ""num_components"": 37, ""median_component_size"": 105.0, ""density"": 0.16884466884466884}"
31,5,表13/表14/表15,page31_row005.png,data\pattern_swatches\raw\page31_row005.png,False,,,image,no,,data\patterns\page31_row005_tile32.png,32,"{""std"": 46.92928829552241, ""dominant_angle"": 87.0, ""energy_ratio"": 1.4038993057660913, ""num_components"": 35, ""median_component_size"": 109.0, ""density"": 0.17122067122067122}"
31,6,表13/表14/表15,page31_row006.png,data\pattern_swatches\raw\page31_row006.png,False,,,image,no,,data\patterns\page31_row006_tile32.png,32,"{""std"": 46.78226707001129, ""dominant_angle"": 87.0, ""energy_ratio"": 1.3984442997007493, ""num_components"": 35, ""median_component_size"": 104.0, ""density"": 0.16302808302808303}"
32,0,表15/表16/表17,page32_row000.png,data\pattern_swatches\raw\page32_row000.png,False,,,image,no,,data\patterns\page32_row000_tile32.png,32,"{""std"": 46.33725641112014, ""dominant_angle"": 87.0, ""energy_ratio"": 1.4096991853790821, ""num_components"": 35, ""median_component_size"": 100.0, ""density"": 0.15956758754504297}"
32,1,表15/表16/表17,page32_row001.png,data\pattern_swatches\raw\page32_row001.png,False,,,image,no,,data\patterns\page32_row001_tile32.png,32,"{""std"": 46.157897660490555, ""dominant_angle"": 87.0, ""energy_ratio"": 1.3915914006203336, ""num_components"": 35, ""median_component_size"": 92.0, ""density"": 0.15647232745079923}"
32,2,表15/表16/表17,page32_row002.png,data\pattern_swatches\raw\page32_row002.png,False,,,symbol_tiled,no,,data\patterns\page32_row002_tile32.png,32,"{""std"": 31.39687589792304, ""dominant_angle"": 87.0, ""energy_ratio"": 1.2518859536081601, ""num_components"": 217, ""median_component_size"": 2.0, ""density"": 0.16102010424422933}"
32,3,表15/表16/表17,page32_row003.png,data\pattern_swatches\raw\page32_row003.png,False,,,symbol_tiled,no,,data\patterns\page32_row003_tile32.png,32,"{""std"": 34.66340861709594, ""dominant_angle"": 1.0, ""energy_ratio"": 1.2577915422567, ""num_components"": 295, ""median_component_size"": 2.0, ""density"": 0.18520220588235295}"
32,4,表15/表16/表17,page32_row004.png,data\pattern_swatches\raw\page32_row004.png,False,,,symbol_tiled,no,,data\patterns\page32_row004_tile32.png,32,"{""std"": 35.34621717414545, ""dominant_angle"": 87.0, ""energy_ratio"": 1.2544593051124955, ""num_components"": 297, ""median_component_size"": 2.0, ""density"": 0.19983246463142218}"
32,5,表15/表16/表17,page32_row005.png,data\pattern_swatches\raw\page32_row005.png,False,,,symbol_tiled,no,,data\patterns\page32_row005_tile32.png,32,"{""std"": 33.06403979172881, ""dominant_angle"": 87.0, ""energy_ratio"": 1.2526077600771122, ""num_components"": 215, ""median_component_size"": 2.0, ""density"": 0.1635331347728965}"
32,6,表15/表16/表17,page32_row006.png,data\pattern_swatches\raw\page32_row006.png,False,,,symbol_tiled,no,,data\patterns\page32_row006_tile32.png,32,"{""std"": 31.839298939575727, ""dominant_angle"": 1.0, ""energy_ratio"": 1.2584924210691175, ""num_components"": 191, ""median_component_size"": 2.0, ""density"": 0.15923713235294118}"
33,0,表18/表19/表20/表21,page33_row000.png,data\pattern_swatches\raw\page33_row000.png,False,,,image,no,,data\patterns\page33_row000_tile32.png,32,"{""std"": 29.64388740710728, ""dominant_angle"": 87.0, ""energy_ratio"": 1.3528873466479883, ""num_components"": 11, ""median_component_size"": 121.0, ""density"": 0.06405109489051095}"
33,1,表18/表19/表20/表21,page33_row001.png,data\pattern_swatches\raw\page33_row001.png,False,,,symbol_tiled,no,,data\patterns\page33_row001_tile32.png,32,"{""std"": 26.489294253282715, ""dominant_angle"": 1.0, ""energy_ratio"": 1.2924072999960197, ""num_components"": 105, ""median_component_size"": 2.0, ""density"": 0.13170415224913495}"
33,2,表18/表19/表20/表21,page33_row002.png,data\pattern_swatches\raw\page33_row002.png,False,,,symbol_tiled,no,,data\patterns\page33_row002_tile32.png,32,"{""std"": 27.739398827436105, ""dominant_angle"": 1.0, ""energy_ratio"": 1.3112077213707285, ""num_components"": 142, ""median_component_size"": 2.0, ""density"": 0.13566897347174164}"
33,3,表18/表19/表20/表21,page33_row003.png,data\pattern_swatches\raw\page33_row003.png,False,,,symbol_tiled,no,,data\patterns\page33_row003_tile32.png,32,"{""std"": 26.887210450684748, ""dominant_angle"": 175.0, ""energy_ratio"": 1.2995768987387002, ""num_components"": 91, ""median_component_size"": 3.0, ""density"": 0.12775735294117646}"
33,4,表18/表19/表20/表21,page33_row004.png,data\pattern_swatches\raw\page33_row004.png,False,,,symbol_tiled,no,,data\patterns\page33_row004_tile32.png,32,"{""std"": 26.9813916406829, ""dominant_angle"": 1.0, ""energy_ratio"": 1.29867829545001, ""num_components"": 135, ""median_component_size"": 2.0, ""density"": 0.13489819004524886}"
33,5,表18/表19/表20/表21,page33_row005.png,data\pattern_swatches\raw\page33_row005.png,False,,,symbol_tiled,no,,data\patterns\page33_row005_tile32.png,32,"{""std"": 33.32764119243313, ""dominant_angle"": 1.0, ""energy_ratio"": 1.2915281379821961, ""num_components"": 110, ""median_component_size"": 2.0, ""density"": 0.17171280276816608}"
33,6,表18/表19/表20/表21,page33_row006.png,data\pattern_swatches\raw\page33_row006.png,False,,,symbol_tiled,no,,data\patterns\page33_row006_tile32.png,32,"{""std"": 35.55999166131979, ""dominant_angle"": 1.0, ""energy_ratio"": 1.3093147296423113, ""num_components"": 173, ""median_component_size"": 2.0, ""density"": 0.17993079584775087}"
33,7,表18/表19/表20/表21,page33_row007.png,data\pattern_swatches\raw\page33_row007.png,False,,,symbol_tiled,no,,data\patterns\page33_row007_tile32.png,32,"{""std"": 28.705044693886286, ""dominant_angle"": 1.0, ""energy_ratio"": 1.2866262711634542, ""num_components"": 66, ""median_component_size"": 2.0, ""density"": 0.13602941176470587}"
33,8,表18/表19/表20/表21,page33_row008.png,data\pattern_swatches\raw\page33_row008.png,False,,,symbol_tiled,no,,data\patterns\page33_row008_tile32.png,32,"{""std"": 31.75074715167793, ""dominant_angle"": 1.0, ""energy_ratio"": 1.2843238483719654, ""num_components"": 141, ""median_component_size"": 2.0, ""density"": 0.15943156108597284}"
33,9,表18/表19/表20/表21,page33_row009.png,data\pattern_swatches\raw\page33_row009.png,False,,,symbol_tiled,no,,data\patterns\page33_row009_tile32.png,32,"{""std"": 30.621459743335276, ""dominant_angle"": 1.0, ""energy_ratio"": 1.2764389783634496, ""num_components"": 109, ""median_component_size"": 2.0, ""density"": 0.15015859284890426}"
33,10,表18/表19/表20/表21,page33_row010.png,data\pattern_swatches\raw\page33_row010.png,False,,,symbol_tiled,no,,data\patterns\page33_row010_tile32.png,32,"{""std"": 27.247639844798837, ""dominant_angle"": 1.0, ""energy_ratio"": 1.2775111749794112, ""num_components"": 117, ""median_component_size"": 2.0, ""density"": 0.12103517877739331}"
33,11,表18/表19/表20/表21,page33_row011.png,data\pattern_swatches\raw\page33_row011.png,False,,,symbol_tiled,no,,data\patterns\page33_row011_tile32.png,32,"{""std"": 26.931878702697126, ""dominant_angle"": 1.0, ""energy_ratio"": 1.2981087041627166, ""num_components"": 94, ""median_component_size"": 2.0, ""density"": 0.12060265282583622}"
33,12,表18/表19/表20/表21,page33_row012.png,data\pattern_swatches\raw\page33_row012.png,False,,,symbol_tiled,no,,data\patterns\page33_row012_tile32.png,32,"{""std"": 26.751587649880065, ""dominant_angle"": 1.0, ""energy_ratio"": 1.274204639706934, ""num_components"": 113, ""median_component_size"": 2.0, ""density"": 0.12139561707035755}"
33,13,表18/表19/表20/表21,page33_row013.png,data\pattern_swatches\raw\page33_row013.png,False,,,symbol_tiled,no,,data\patterns\page33_row013_tile32.png,32,"{""std"": 27.186391475089074, ""dominant_angle"": 1.0, ""energy_ratio"": 1.2710819003593252, ""num_components"": 118, ""median_component_size"": 2.0, ""density"": 0.13141580161476354}"
34,0,表21/表22,page34_row000.png,data\pattern_swatches\raw\page34_row000.png,False,,,image,no,,data\patterns\page34_row000_tile32.png,32,"{""std"": 42.30485738700869, ""dominant_angle"": 88.0, ""energy_ratio"": 1.4215101725867056, ""num_components"": 26, ""median_component_size"": 114.5, ""density"": 0.13643073894857705}"
34,1,表21/表22,page34_row001.png,data\pattern_swatches\raw\page34_row001.png,False,,,image,no,,data\patterns\page34_row001_tile32.png,32,"{""std"": 42.63579409534557, ""dominant_angle"": 88.0, ""energy_ratio"": 1.4115148384264078, ""num_components"": 37, ""median_component_size"": 106.0, ""density"": 0.13189159807423512}"
34,2,表21/表22,page34_row002.png,data\pattern_swatches\raw\page34_row002.png,False,,,symbol_tiled,no,,data\patterns\page34_row002_tile32.png,32,"{""std"": 30.878588127101857, ""dominant_angle"": 1.0, ""energy_ratio"": 1.244133025580917, ""num_components"": 90, ""median_component_size"": 2.0, ""density"": 0.10112763053939525}"
34,3,表21/表22,page34_row003.png,data\pattern_swatches\raw\page34_row003.png,False,,,symbol_tiled,no,,data\patterns\page34_row003_tile32.png,32,"{""std"": 31.48818275464786, ""dominant_angle"": 1.0, ""energy_ratio"": 1.2434444340912723, ""num_components"": 86, ""median_component_size"": 2.0, ""density"": 0.10155857214680744}"
34,4,表21/表22,page34_row004.png,data\pattern_swatches\raw\page34_row004.png,False,,,symbol_tiled,no,,data\patterns\page34_row004_tile32.png,32,"{""std"": 45.319539333340025, ""dominant_angle"": 175.0, ""energy_ratio"": 1.319681725844755, ""num_components"": 185, ""median_component_size"": 2.0, ""density"": 0.2018243194713783}"
34,5,表21/表22,page34_row005.png,data\pattern_swatches\raw\page34_row005.png,False,,,symbol_tiled,no,,data\patterns\page34_row005_tile32.png,32,"{""std"": 35.24850460321283, ""dominant_angle"": 175.0, ""energy_ratio"": 1.2877700460756485, ""num_components"": 98, ""median_component_size"": 1.0, ""density"": 0.11103928750987574}"
34,6,表21/表22,page34_row006.png,data\pattern_swatches\raw\page34_row006.png,False,,,image,no,,data\patterns\page34_row006_tile32.png,32,"{""std"": 12.434664949202773, ""dominant_angle"": 79.0, ""energy_ratio"": 1.2661671698844537, ""num_components"": 60, ""median_component_size"": 1.0, ""density"": 0.028131868131868132}"
34,7,表21/表22,page34_row007.png,data\pattern_swatches\raw\page34_row007.png,False,,,symbol_tiled,no,,data\patterns\page34_row007_tile32.png,32,"{""std"": 38.76884043646047, ""dominant_angle"": 79.0, ""energy_ratio"": 1.2855707527036393, ""num_components"": 131, ""median_component_size"": 1.0, ""density"": 0.18300929839391378}"
34,8,表21/表22,page34_row008.png,data\pattern_swatches\raw\page34_row008.png,False,,,symbol_tiled,no,,data\patterns\page34_row008_tile32.png,32,"{""std"": 13.625234356087812, ""dominant_angle"": 79.0, ""energy_ratio"": 1.2640578507045672, ""num_components"": 64, ""median_component_size"": 3.0, ""density"": 0.05255001408847563}"
34,9,表21/表22,page34_row009.png,data\pattern_swatches\raw\page34_row009.png,False,,,symbol_tiled,no,,data\patterns\page34_row009_tile32.png,32,"{""std"": 43.626992568808944, ""dominant_angle"": 79.0, ""energy_ratio"": 1.2760851983702037, ""num_components"": 143, ""median_component_size"": 2.0, ""density"": 0.20555085939701323}"
34,10,表21/表22,page34_row010.png,data\pattern_swatches\raw\page34_row010.png,False,,,symbol_tiled,no,,data\patterns\page34_row010_tile32.png,32,"{""std"": 12.58164370677944, ""dominant_angle"": 79.0, ""energy_ratio"": 1.2637437424225846, ""num_components"": 16, ""median_component_size"": 2.0, ""density"": 0.06776556776556776}"
34,11,表21/表22,page34_row011.png,data\pattern_swatches\raw\page34_row011.png,False,,,symbol_tiled,no,,data\patterns\page34_row011_tile32.png,32,"{""std"": 25.217729393926344, ""dominant_angle"": 79.0, ""energy_ratio"": 1.262893004000387, ""num_components"": 69, ""median_component_size"": 2.0, ""density"": 0.09115243730628346}"
34,12,表21/表22,page34_row012.png,data\pattern_swatches\raw\page34_row012.png,False,,,image,no,,data\patterns\page34_row012_tile32.png,32,"{""std"": 13.213149554065014, ""dominant_angle"": 79.0, ""energy_ratio"": 1.2638511920595898, ""num_components"": 37, ""median_component_size"": 3.0, ""density"": 0.04705550859397013}"
35,0,表22/表23/表24,page35_row000.png,data\pattern_swatches\raw\page35_row000.png,False,,,symbol_tiled,no,,data\patterns\page35_row000_tile32.png,32,"{""std"": 42.86755585430968, ""dominant_angle"": 173.0, ""energy_ratio"": 1.3030891893107857, ""num_components"": 216, ""median_component_size"": 2.0, ""density"": 0.28179065743944637}"
35,1,表22/表23/表24,page35_row001.png,data\pattern_swatches\raw\page35_row001.png,False,,,symbol_tiled,no,,data\patterns\page35_row001_tile32.png,32,"{""std"": 10.442867961579125, ""dominant_angle"": 79.0, ""energy_ratio"": 1.2663359196907225, ""num_components"": 64, ""median_component_size"": 3.0, ""density"": 0.05588235294117647}"
35,2,表22/表23/表24,page35_row002.png,data\pattern_swatches\raw\page35_row002.png,False,,,symbol_tiled,no,,data\patterns\page35_row002_tile32.png,32,"{""std"": 36.43221231285758, ""dominant_angle"": 79.0, ""energy_ratio"": 1.2993348518230374, ""num_components"": 94, ""median_component_size"": 2.0, ""density"": 0.19414592760180996}"
35,3,表22/表23/表24,page35_row003.png,data\pattern_swatches\raw\page35_row003.png,False,,,symbol_tiled,no,,data\patterns\page35_row003_tile32.png,32,"{""std"": 11.389041673290347, ""dominant_angle"": 79.0, ""energy_ratio"": 1.2649129225665752, ""num_components"": 80, ""median_component_size"": 3.0, ""density"": 0.09290158371040724}"
35,4,表22/表23/表24,page35_row004.png,data\pattern_swatches\raw\page35_row004.png,False,,,symbol_tiled,no,,data\patterns\page35_row004_tile32.png,32,"{""std"": 34.38454552723733, ""dominant_angle"": 79.0, ""energy_ratio"": 1.285205807916264, ""num_components"": 97, ""median_component_size"": 2.0, ""density"": 0.18269230769230768}"
35,5,表22/表23/表24,page35_row005.png,data\pattern_swatches\raw\page35_row005.png,False,,,symbol_tiled,no,,data\patterns\page35_row005_tile32.png,32,"{""std"": 30.276434525432116, ""dominant_angle"": 1.0, ""energy_ratio"": 1.2808677584119108, ""num_components"": 67, ""median_component_size"": 2.0, ""density"": 0.1361735870818916}"
35,6,表22/表23/表24,page35_row006.png,data\pattern_swatches\raw\page35_row006.png,False,,,symbol_tiled,no,,data\patterns\page35_row006_tile32.png,32,"{""std"": 9.23345290750734, ""dominant_angle"": 79.0, ""energy_ratio"": 1.2666912746195909, ""num_components"": 44, ""median_component_size"": 3.0, ""density"": 0.0725}"
35,7,表22/表23/表24,page35_row007.png,data\pattern_swatches\raw\page35_row007.png,False,,,symbol_tiled,no,,data\patterns\page35_row007_tile32.png,32,"{""std"": 26.654394753991355, ""dominant_angle"": 76.0, ""energy_ratio"": 1.2647804870751096, ""num_components"": 76, ""median_component_size"": 2.0, ""density"": 0.135039592760181}"
35,8,表22/表23/表24,page35_row008.png,data\pattern_swatches\raw\page35_row008.png,False,,,symbol_tiled,no,,data\patterns\page35_row008_tile32.png,32,"{""std"": 31.863114138441137, ""dominant_angle"": 1.0, ""energy_ratio"": 1.3388214284867168, ""num_components"": 86, ""median_component_size"": 2.0, ""density"": 0.161835407239819}"
35,9,表22/表23/表24,page35_row009.png,data\pattern_swatches\raw\page35_row009.png,False,,,symbol_tiled,no,,data\patterns\page35_row009_tile32.png,32,"{""std"": 34.83650542234844, ""dominant_angle"": 1.0, ""energy_ratio"": 1.3516200490311314, ""num_components"": 100, ""median_component_size"": 1.0, ""density"": 0.17019896193771628}"
35,10,表22/表23/表24,page35_row010.png,data\pattern_swatches\raw\page35_row010.png,False,,,symbol_tiled,no,,data\patterns\page35_row010_tile32.png,32,"{""std"": 26.339623827089042, ""dominant_angle"": 1.0, ""energy_ratio"": 1.2674586753413644, ""num_components"": 98, ""median_component_size"": 2.0, ""density"": 0.12651384083044984}"
35,11,表22/表23/表24,page35_row011.png,data\pattern_swatches\raw\page35_row011.png,False,,,symbol_tiled,no,,data\patterns\page35_row011_tile32.png,32,"{""std"": 26.153225800124247, ""dominant_angle"": 175.0, ""energy_ratio"": 1.2448725462481403, ""num_components"": 84, ""median_component_size"": 2.0, ""density"": 0.1179354094579008}"
35,12,表22/表23/表24,page35_row012.png,data\pattern_swatches\raw\page35_row012.png,False,,,symbol_tiled,no,,data\patterns\page35_row012_tile32.png,32,"{""std"": 31.909128205241274, ""dominant_angle"": 1.0, ""energy_ratio"": 1.3443934616973992, ""num_components"": 118, ""median_component_size"": 3.0, ""density"": 0.1844002306805075}"
36,0,表24,page36_row000.png,data\pattern_swatches\raw\page36_row000.png,False,,,image,no,,data\patterns\page36_row000_tile32.png,32,"{""reason"": ""low_variance"", ""std"": 0.03073105420077219}"
36,1,表24,page36_row001.png,data\pattern_swatches\raw\page36_row001.png,False,,,symbol_tiled,no,,data\patterns\page36_row001_tile32.png,32,"{""std"": 34.75176996370146, ""dominant_angle"": 1.0, ""energy_ratio"": 1.2401519969821757, ""num_components"": 220, ""median_component_size"": 2.0, ""density"": 0.22006198929275853}"
36,2,表24,page36_row002.png,data\pattern_swatches\raw\page36_row002.png,False,,,symbol_tiled,no,,data\patterns\page36_row002_tile32.png,32,"{""std"": 34.44293605228966, ""dominant_angle"": 1.0, ""energy_ratio"": 1.226354836260642, ""num_components"": 188, ""median_component_size"": 2.0, ""density"": 0.2322057027939381}"
36,3,表24,page36_row003.png,data\pattern_swatches\raw\page36_row003.png,False,,,symbol_tiled,no,,data\patterns\page36_row003_tile32.png,32,"{""std"": 34.20420909868338, ""dominant_angle"": 1.0, ""energy_ratio"": 1.2299133947967058, ""num_components"": 248, ""median_component_size"": 2.0, ""density"": 0.2184873949579832}"
36,4,表24,page36_row004.png,data\pattern_swatches\raw\page36_row004.png,False,,,symbol_tiled,no,,data\patterns\page36_row004_tile32.png,32,"{""std"": 34.303871527012795, ""dominant_angle"": 175.0, ""energy_ratio"": 1.229732089890982, ""num_components"": 276, ""median_component_size"": 2.0, ""density"": 0.21669180492709905}"
36,5,表24,page36_row005.png,data\pattern_swatches\raw\page36_row005.png,False,,,symbol_tiled,no,,data\patterns\page36_row005_tile32.png,32,"{""std"": 33.843355105175114, ""dominant_angle"": 1.0, ""energy_ratio"": 1.2365325418430444, ""num_components"": 192, ""median_component_size"": 2.0, ""density"": 0.1819526627218935}"
36,6,表24,page36_row006.png,data\pattern_swatches\raw\page36_row006.png,False,,,symbol_tiled,no,,data\patterns\page36_row006_tile32.png,32,"{""std"": 33.80824549160901, ""dominant_angle"": 1.0, ""energy_ratio"": 1.2365518825796675, ""num_components"": 255, ""median_component_size"": 2.0, ""density"": 0.21012961397576782}"
36,7,表24,page36_row007.png,data\pattern_swatches\raw\page36_row007.png,False,,,symbol_tiled,no,,data\patterns\page36_row007_tile32.png,32,"{""std"": 35.79378313450396, ""dominant_angle"": 1.0, ""energy_ratio"": 1.2206310099820672, ""num_components"": 240, ""median_component_size"": 2.0, ""density"": 0.1919126625008978}"
36,8,表24,page36_row008.png,data\pattern_swatches\raw\page36_row008.png,False,,,image,no,,data\patterns\page36_row008_tile32.png,32,"{""reason"": ""low_variance"", ""std"": 5.540224122246517}"
36,9,表24,page36_row009.png,data\pattern_swatches\raw\page36_row009.png,False,,,symbol_tiled,no,,data\patterns\page36_row009_tile32.png,32,"{""std"": 35.50253316882304, ""dominant_angle"": 1.0, ""energy_ratio"": 1.255524098454785, ""num_components"": 269, ""median_component_size"": 1.0, ""density"": 0.21139757678219218}"
36,10,表24,page36_row010.png,data\pattern_swatches\raw\page36_row010.png,False,,,symbol_tiled,no,,data\patterns\page36_row010_tile32.png,32,"{""std"": 35.69971937282222, ""dominant_angle"": 1.0, ""energy_ratio"": 1.2449726849511742, ""num_components"": 309, ""median_component_size"": 1.0, ""density"": 0.22186310421604538}"
36,11,表24,page36_row011.png,data\pattern_swatches\raw\page36_row011.png,False,,,image,no,,data\patterns\page36_row011_tile32.png,32,"{""reason"": ""low_variance"", ""std"": 0.0}"
36,12,表24,page36_row012.png,data\pattern_swatches\raw\page36_row012.png,False,,,symbol_tiled,no,,data\patterns\page36_row012_tile32.png,32,"{""std"": 21.667264501173566, ""dominant_angle"": 79.0, ""energy_ratio"": 1.2572319982864377, ""num_components"": 48, ""median_component_size"": 1.5, ""density"": 0.12651451112989576}"
36,13,表24,page36_row013.png,data\pattern_swatches\raw\page36_row013.png,False,,,symbol_tiled,no,,data\patterns\page36_row013_tile32.png,32,"{""std"": 37.53362534291945, ""dominant_angle"": 79.0, ""energy_ratio"": 1.2877129741265443, ""num_components"": 106, ""median_component_size"": 2.0, ""density"": 0.24302620456466612}"
36,14,表24,page36_row014.png,data\pattern_swatches\raw\page36_row014.png,False,,,symbol_tiled,no,,data\patterns\page36_row014_tile32.png,32,"{""std"": 21.70557902471655, ""dominant_angle"": 79.0, ""energy_ratio"": 1.257980843534287, ""num_components"": 20, ""median_component_size"": 1.0, ""density"": 0.10157790927021697}"
36,15,表24,page36_row015.png,data\pattern_swatches\raw\page36_row015.png,False,,,symbol_tiled,no,,data\patterns\page36_row015_tile32.png,32,"{""std"": 36.38276769831351, ""dominant_angle"": 79.0, ""energy_ratio"": 1.2825780110547857, ""num_components"": 108, ""median_component_size"": 3.0, ""density"": 0.25556494787264017}"
36,16,表24,page36_row016.png,data\pattern_swatches\raw\page36_row016.png,False,,,symbol_tiled,no,,data\patterns\page36_row016_tile32.png,32,"{""std"": 29.70439776828512, ""dominant_angle"": 79.0, ""energy_ratio"": 1.2516322906807371, ""num_components"": 36, ""median_component_size"": 2.0, ""density"": 0.13722175260636799}"
36,17,表24,page36_row017.png,data\pattern_swatches\raw\page36_row017.png,False,,,symbol_tiled,no,,data\patterns\page36_row017_tile32.png,32,"{""std"": 39.32801694968422, ""dominant_angle"": 76.0, ""energy_ratio"": 1.2580551155093136, ""num_components"": 89, ""median_component_size"": 1.0, ""density"": 0.21377289377289377}"
36,18,表24,page36_row018.png,data\pattern_swatches\raw\page36_row018.png,False,,,symbol_tiled,no,,data\patterns\page36_row018_tile32.png,32,"{""std"": 54.446903965023274, ""dominant_angle"": 81.0, ""energy_ratio"": 1.2579078647019002, ""num_components"": 115, ""median_component_size"": 2.0, ""density"": 0.28098782937492617}"
36,19,表24,page36_row019.png,data\pattern_swatches\raw\page36_row019.png,False,,,symbol_tiled,no,,data\patterns\page36_row019_tile32.png,32,"{""std"": 29.22663072309416, ""dominant_angle"": 5.0, ""energy_ratio"": 1.2661639201186214, ""num_components"": 131, ""median_component_size"": 2.0, ""density"": 0.21632854325162018}"
36,20,表24,page36_row020.png,data\pattern_swatches\raw\page36_row020.png,False,,,symbol_tiled,no,,data\patterns\page36_row020_tile32.png,32,"{""std"": 56.717987493509376, ""dominant_angle"": 1.0, ""energy_ratio"": 1.269587246380425, ""num_components"": 141, ""median_component_size"": 1.0, ""density"": 0.347867186576864}"
36,21,表24,page36_row021.png,data\pattern_swatches\raw\page36_row021.png,False,,,symbol_tiled,no,,data\patterns\page36_row021_tile32.png,32,"{""std"": 17.90346919909095, ""dominant_angle"": 79.0, ""energy_ratio"": 1.2627671898594244, ""num_components"": 25, ""median_component_size"": 3.0, ""density"": 0.1558974358974359}"
36,22,表24,page36_row022.png,data\pattern_swatches\raw\page36_row022.png,False,,,symbol_tiled,no,,data\patterns\page36_row022_tile32.png,32,"{""std"": 36.477951861233805, ""dominant_angle"": 79.0, ""energy_ratio"": 1.2937540080335066, ""num_components"": 83, ""median_component_size"": 1.0, ""density"": 0.2359819667511975}"
36,23,表24,page36_row023.png,data\pattern_swatches\raw\page36_row023.png,False,,,symbol_tiled,no,,data\patterns\page36_row023_tile32.png,32,"{""std"": 37.960751427854625, ""dominant_angle"": 175.0, ""energy_ratio"": 1.3768643154591096, ""num_components"": 169, ""median_component_size"": 1.0, ""density"": 0.1494854351997209}"
36,24,表24,page36_row024.png,data\pattern_swatches\raw\page36_row024.png,False,,,image,no,,data\patterns\page36_row024_tile32.png,32,"{""reason"": ""low_variance"", ""std"": 0.0}"
